id,"password","last_login",is_superuser,"username","first_name","last_name","email",is_staff,is_active,"date_joined",gender,"mb","qq","address","avatar","u_t"
1,"!EU68AB0CZZeKftTc6g3mXXDFZJ4BJofCsecT7uVB",NULL,0,"cd81b02ccf137e08e85693f92e64e4cc","","","070b86e35ecfdb86d133062be6286766@example.com",0,1,"2016-05-23 16:01:49.000000",1,NULL,NULL,NULL,NULL,"2016-05-28 18:11:52.000000"
2,"bcrypt_sha256$$2b$12$JzvOyRMwUcduvVl6Hm3UGunrF6bVAyjNNq14Qt0CfzaZMF0eXXc12","2017-01-09 08:28:14.415078",1,"root","","","be6cc557decfd5bb1088a85db3399fc7@example.com",1,1,"2016-05-23 16:01:50.000000",NULL,NULL,NULL,NULL,NULL,"2016-05-28 18:12:04.000000"
3,"bcrypt$2y$13$H3uXuU8zf6G71pVkH7OK/ejAEXPwYIk66fp1c8JIk0p/j0tvdw5xS","2016-11-04 14:01:26.000000",0,"ff30d85bffa496b3aece3dd5e20fd489","","","2b16854222710be16a4633155cf3ec9f@example.com",0,1,"2016-05-23 16:01:50.000000",NULL,NULL,NULL,NULL,NULL,"2016-11-03 20:15:32.000000"
11,"bcrypt$2y$13$rUwA38ESE4pUrWABBXnFOOs.1UsM15ElFc2izSA7BwqKe9eDBIoEm","2016-12-29 14:07:18.000000",1,"74b891226e38bf38778fcc0b6a218692","","","c5f9cf59a6f58be6827d77c29b699628@example.com",1,1,"2016-05-23 17:56:27.000000",1,NULL,NULL,NULL,NULL,"2016-11-15 19:43:00.000000"
12,"bcrypt$2y$13$MwCWm.a.fCNTClepYbuBEeK3.X3nciY3AXxMSxQXBbuJP3bJG.Ac2","2016-10-31 16:34:18.000000",0,"35bb9b32807fef66bb5fe9cfb1d6f0d4","","","1a89e1ed3260abf1d376032c54518be8@example.com",0,1,"2016-05-24 17:16:57.000000",NULL,NULL,NULL,NULL,NULL,"2016-08-18 06:48:24.000000"
13,"bcrypt$2y$13$gC06o2UEckVlGxIyn8cFNeC5h3c0rEk4gQTI3GQzUH9rYDbdjkLaC","2016-12-04 15:41:46.000000",0,"258391e3a8488aac58b208f3b0f353a4","","","200d6e077940c94612bcc47a2542d33b@example.com",0,1,"2016-05-25 17:48:16.000000",NULL,NULL,NULL,NULL,NULL,"2016-08-30 19:30:55.000000"
14,"bcrypt$2y$13$6PAfTXXMAzW6eUbrKUijoeZEY9b1rxGV83Uyk2AchLNi/BbqmA9jS","2016-05-28 18:33:18.000000",0,"0eca86a05670d4d9e2597621c567a618","","","84461da9836a52396c7aba07bdd4bcf4@example.com",0,1,"2016-05-25 17:48:53.000000",NULL,NULL,NULL,NULL,NULL,"2016-06-02 21:17:48.000000"
15,"bcrypt$2y$13$U2VMS7LXHWi9T4k6QP9bte6jmdMQ4MpZ3bpoHP5MKrHxfOqi2RrsK","2016-06-05 10:21:28.000000",0,"c1789faa5a7c85417042ff65a4a98ee2","","","4bb07e999e5d6dd3a76795cd57b29899@example.com",0,1,"2016-05-25 17:49:13.000000",NULL,NULL,NULL,NULL,NULL,"2016-06-02 21:18:11.000000"
16,"bcrypt$2y$13$.ecBrlfBavqtb7x76/PHX.LrYXVLvLKCTlkkfRQWh6KeOoPCqbrCC",NULL,0,"10042568e774cab5956b5f3460ae4be0","","","d42889378dafb4098d41e476e5664e5b@example.com",0,1,"2016-05-25 17:49:37.000000",NULL,NULL,NULL,NULL,NULL,"2016-06-02 21:18:34.000000"
18,"bcrypt$2y$13$QJ91CM2QH1SY44TaO8ijouchVVOX7lIUwvUNcS6DsIFxqXhxW.806","2016-08-11 13:51:36.000000",0,"a2c07e06d96d39de3def8f23706a4eb0","","","b13e968f2c52263ac713e66c8264ab1c@example.com",0,1,"2016-06-02 19:08:36.000000",NULL,NULL,NULL,NULL,NULL,"2016-06-16 18:48:39.000000"
19,"bcrypt$2y$13$xYcAmHwbVxOnGyMZZFBote5nwPiqFKjNVkTojMLwTsCu89lPazqH2","2016-07-24 15:09:14.000000",0,"ca5bafd93067465ee85a289a648d3699","","","c7055591a857bd6364a5ef80b57d4bdb@example.com",0,1,"2016-06-02 19:09:33.000000",NULL,NULL,NULL,NULL,NULL,"2016-07-08 10:35:32.000000"
20,"bcrypt$2y$13$ZlXLxPTbr0rbP0Jxp/yqy.W/HEZvYJ1OXE9KrmZ1T3As5Y1ohSAke","2016-06-04 10:58:06.000000",0,"80a83258a0ece7969c475f08b75c44fc","","","f928528b6d0fec75a0cff32f4ec293a7@example.com",0,1,"2016-06-02 19:10:07.000000",NULL,NULL,NULL,NULL,NULL,"2016-06-02 19:35:13.000000"
21,"bcrypt$2y$13$5LSrluoxnaD/v59dg2AHweACFy6gqmYLS6cqqMY3ot.jzTEUVzLd.","2016-10-13 08:51:25.000000",0,"c52f4198f71220dc44fa751f81ccaa16","","","3410ccdd699b25825118a23468e21f92@example.com",0,1,"2016-06-02 19:10:45.000000",2,NULL,NULL,NULL,NULL,"2016-08-16 20:11:40.000000"
22,"bcrypt$2y$13$p2g6T0YDg2jmkDgoyBQao..8znuNUVkWH/GQiaFOVSKYVMVtBZ42e","2016-06-05 10:16:01.000000",0,"bd0c88e01f2caee25209d7bcc7e80a61","","","0120cf40c1f9be9a02fb21732296e1f2@example.com",0,1,"2016-06-02 21:19:02.000000",NULL,NULL,NULL,NULL,NULL,"2016-06-02 21:19:02.000000"
23,"bcrypt$2y$13$Cqssnq/OvVQMldDrvUGBF.ZSU7fpE70FbjPlSa/cyVQ6J5rKDs47i","2016-06-05 10:17:17.000000",0,"a77af7a42e896015daa186c196bc586e","","","853832f7e4fddafa972fb6802f3c580d@example.com",0,1,"2016-06-02 21:19:22.000000",NULL,NULL,NULL,NULL,NULL,"2016-06-02 21:19:22.000000"
24,"bcrypt$2y$13$8DB3/kJwOtiUVCdUz63ey.OsrRY13RXh8jw5SNROeXM8bAByyUcOW",NULL,0,"d56c42fa3dbe862ccedcab31ef387949","","","1a260951f43962ab2b72783089ce1951@example.com",0,1,"2016-06-02 21:19:41.000000",NULL,NULL,NULL,NULL,NULL,"2016-06-02 21:19:41.000000"
25,"bcrypt$2y$13$tTidGZZUJEP.iSstWWnAxOH.RAYNNV1z/cSD452MR71muEzkMwmmG","2016-09-28 20:13:52.000000",0,"4aa6dbc9b611c869a51a5d53b54b62bb","","","8c0a60703281438cdcca1f2493ffe255@example.com",0,1,"2016-06-04 17:53:22.000000",NULL,NULL,NULL,NULL,NULL,"2016-06-04 17:54:12.000000"
26,"bcrypt$2y$13$ApJ4bG1xnGB6jUFTJxHvW.xBlv7aKl6KwKH/7xNBNSYtwW5ANqYNm","2016-06-23 21:43:21.000000",0,"6ecce82974881c2a0bb368eeaa1a22a1","","","753a21b2d0ba1c81f896ceb4fefd4fa1@example.com",0,1,"2016-06-04 17:53:55.000000",NULL,NULL,NULL,NULL,NULL,"2016-06-04 17:53:55.000000"
27,"bcrypt$2y$13$g5b5TlreGbqbaJx81LCdPOkqFetJSWer7EXgSNAvmiramcOFEZZvS","2016-07-25 15:34:25.000000",0,"df27f5f42d7f502ceccd4e5e69ff806d","","","48b88d41c4bf366fccbc4df21f57e7d8@example.com",0,1,"2016-06-04 17:54:40.000000",NULL,NULL,NULL,NULL,NULL,"2016-06-04 17:54:40.000000"
28,"bcrypt$2y$13$4P0gH7gK.ChCcMqzVU/ZYO./m5VhvELTMy9xGPVHwF0sK2zTodBc.","2016-07-25 14:38:08.000000",0,"43384c69aa8dd1fdbe9c7fd4c94c1e9a","","","3a69d575b4046198480096ddb2c37b84@example.com",0,1,"2016-06-04 17:55:06.000000",NULL,NULL,NULL,NULL,NULL,"2016-06-04 17:55:06.000000"
29,"bcrypt$2y$13$fTEPYbH0U.2SnrzTTOoIEe/rwzq8Jen5FhuiZ5YUPxr0DvGw2Mcgq","2016-08-28 21:05:33.000000",0,"4ae4f83e7ad814d2ad9b5ea0efb7cd71","","","f628eda6875406b5277246c8527c88bf@example.com",0,1,"2016-06-04 17:55:31.000000",2,NULL,NULL,NULL,NULL,"2016-06-24 07:55:24.000000"
30,"bcrypt$2y$13$ZjV5CgfNuOQdVWn4dr9sJO8MlgibH8dVniZSyHy2uVFFJm6EeFf1W","2016-06-23 21:43:52.000000",0,"d4bc9bd200eb72825fa5ef87f9fb6bd7","","","10e78e887bd6306a8a6f9a33c4c6615e@example.com",0,1,"2016-06-04 17:55:54.000000",NULL,NULL,NULL,NULL,NULL,"2016-06-04 17:55:54.000000"
31,"bcrypt$2y$13$bdhxlJi6vkODuVt/m0XkiuxKm.zuEW11fKZsQRLhhyJ.KqNWzOZye","2016-07-26 14:44:01.000000",0,"f7a2d854e851cc7fdb3a4b01363aa0f1","","","56f2d40e0a9c3debcb18bf3def0a1019@example.com",0,1,"2016-06-04 17:56:16.000000",NULL,NULL,NULL,NULL,NULL,"2016-06-04 17:56:16.000000"
32,"bcrypt$2y$13$fPtIAtsj3srHic3XY.hm3u6Ww25YjNtAHzmXJ2FOIHzebmWFSVDci","2016-09-21 16:19:34.000000",0,"189e67ecd1e8263fe3d656dca2ac383b","","","236af3fc93eb397145485b75543c6b6e@example.com",0,1,"2016-06-04 17:56:39.000000",NULL,NULL,NULL,NULL,NULL,"2016-06-24 09:35:43.000000"
33,"bcrypt$2y$13$AbBw/1jgFBNsY2dPjQNppe/G.9y4wDoOf9xRoPAlKtpDKKOYR2h6e","2016-08-28 21:05:05.000000",0,"60077c0260ba2d67c52c34d317b58234","","","0e8cce3ac768f1739bad0ba7b2d79d5d@example.com",0,1,"2016-06-04 17:57:04.000000",NULL,NULL,NULL,NULL,NULL,"2016-06-04 17:57:04.000000"
34,"bcrypt$2y$13$gzBTlLQ8dPG3EWOF1zwiyu7EzKzOrpXaqwWwsTm9IIXcp/vt4iYTG",NULL,0,"40d77fad31dc0a2abb4a6a81b1a8e443","","","ce2dd04cc838c04de2bc573fd6699692@example.com",0,1,"2016-06-04 17:57:27.000000",NULL,NULL,NULL,NULL,NULL,"2016-06-04 17:57:27.000000"
35,"bcrypt$2y$13$MoVqnVptIrDsoL6R1AKqvexKsKzeGRPhLwqCB6bSdG0wmv2Sbg0Me","2016-06-23 21:33:21.000000",0,"cd928f12edf8057573d0bcec151872d0","","","33d02fb4d2447ffb2b1a3f012a8309f3@example.com",0,1,"2016-06-04 17:57:49.000000",NULL,NULL,NULL,NULL,NULL,"2016-06-04 17:57:49.000000"
36,"bcrypt$2y$13$NnZapg4iaANv4k4fRI/.T.GXGkB.LuIi3HAwy5SOyqbjjnU1qwIs2","2016-11-09 16:47:16.000000",0,"56e4f4f0585e55f50796ce8b23833f95","","","d9b9b50081ed9b2d158154403f75a490@example.com",0,1,"2016-06-04 17:58:19.000000",1,NULL,NULL,NULL,NULL,"2016-06-17 20:59:05.000000"
37,"bcrypt$2y$13$ZOACNt3wBy46gFkSmbjdj.61PwdbogNM/v1l0Y6c8mKzJRSGR4LY6","2016-07-01 19:00:00.000000",0,"0a0fe7bd6712fd102137654ad825baf4","","","eb486966934efe161fbb0dd717314151@example.com",0,1,"2016-06-04 17:58:43.000000",NULL,NULL,NULL,NULL,NULL,"2016-06-04 17:58:43.000000"
38,"bcrypt$2y$13$ZauyvNsD4So.sQs0Xt/WH.1neeEC.tOqKYrG644iDi1PFDdRuT2u.","2016-12-26 10:49:02.000000",0,"51cd9c572d80fd81012a8e96a7a1bce0","","","7aac4154a01ef8b994d72c2ae8d48877@example.com",0,1,"2016-06-04 17:59:03.000000",2,NULL,NULL,NULL,NULL,"2016-07-28 19:04:55.000000"
39,"bcrypt$2y$13$LddctlPzqttVxU0j19q5qO3ginjXq0P6MMDcbsTPmWEbP2d5R/tai",NULL,0,"c66654417758ea8a6b334b1f97824681","","","25cbfe78e35c7638d199562e534d1b2f@example.com",0,1,"2016-06-04 17:59:26.000000",NULL,NULL,NULL,NULL,NULL,"2016-06-04 17:59:26.000000"
40,"bcrypt$2y$13$WCXiZhd1qem7QNnJ9O2bluVkzcnZKLZIbbg.QyJLrFSgbd4eP02Lm",NULL,0,"08dd3c464b6e8ccb51dc124ef76c043e","","","61111eb4d3977b07628567a903d2ee08@example.com",0,1,"2016-06-04 17:59:49.000000",NULL,NULL,NULL,NULL,NULL,"2016-06-04 17:59:49.000000"
41,"bcrypt$2y$13$V0YIgHb0LdD8AEr3MyvYTeK2FMGvWBLM15ZKrfZavDyjTar9xpej.","2016-07-11 09:07:44.000000",0,"d427a10fc10fec427ab38ee5e4a2d901","","","d033d433fbb791b369f63a5b43a420f9@example.com",0,1,"2016-06-04 18:00:07.000000",NULL,NULL,NULL,NULL,NULL,"2016-06-10 20:13:43.000000"
42,"bcrypt$2y$13$hUiRKRLtPHiwgbyNoXVOKOqgvzkoMSYKX.6NQRHGaSRCuWUqii2ne","2016-06-19 22:32:59.000000",0,"aba9961b60e15dd6df35cab133af613c","","","e8c1f8c8ea6027858790b8b44c1c0667@example.com",0,1,"2016-06-04 18:00:26.000000",NULL,NULL,NULL,NULL,NULL,"2016-06-04 18:00:26.000000"
43,"bcrypt$2y$13$6NTNSk7ahx3M4nPrSSxTHuUYZJpBY6cA3uvsZ9gUE8iYNUD6mcDR6","2016-07-29 14:24:00.000000",0,"2936628690fbaf59819bee279ecf1ec6","","","c4f3c36bdc924c1616a83b5b73095f5c@example.com",0,1,"2016-06-04 18:00:47.000000",NULL,NULL,NULL,NULL,NULL,"2016-06-04 18:00:47.000000"
44,"bcrypt$2y$13$DHp0wr8c9C9igk2kmNMufOYoXBe9BTvUnoNHcL.nYzeupnjejYxyK","2016-12-16 17:06:42.000000",0,"64636e3855d06ed32b6720d0d2212792","","","c96fb02c65783813133202ad87aa2938@example.com",0,1,"2016-06-04 18:01:06.000000",2,NULL,NULL,NULL,NULL,"2016-07-06 11:10:31.000000"
45,"bcrypt$2y$13$dal1qjTDFp8wAN5EScCV6OmGbxHeEcPm4Usr3NMRa2JBbBGXG7Zem","2016-06-25 09:56:42.000000",0,"e64bf50b3863b73f76337d8f59c848e5","","","39ad774ef349c498dec795c8ee5a2856@example.com",0,1,"2016-06-04 18:01:28.000000",NULL,NULL,NULL,NULL,NULL,"2016-06-04 18:01:28.000000"
46,"bcrypt$2y$13$KS23UpBiS7QgMjteX3LQV./pNPJu6E4pecro07EIre5WMwiMrQ7U.","2016-08-11 17:15:55.000000",0,"313e056039320d714d19ec697386bd1e","","","d734c5250dfb04e3052beb9c334ee776@example.com",0,1,"2016-06-04 18:01:48.000000",2,NULL,NULL,NULL,NULL,"2016-06-10 20:11:19.000000"
47,"bcrypt$2y$13$pWK4.4joCXRD7vPdhcAWSuWnDiD3wsZmSmskNz0rqbzSBVZ2yGN3i","2016-07-28 13:09:41.000000",0,"e56860b5f3d8268ad51b89fe2c6fed07","","","314ed6ab482fbc70df76fe1463855d50@example.com",0,1,"2016-06-04 18:04:15.000000",NULL,NULL,NULL,NULL,NULL,"2016-06-04 18:35:11.000000"
48,"bcrypt$2y$13$CZ.Lzah5Welc/b.uKgOF.utwcvOCZaR7TS7OHCgfblnHPgxx3eGz2","2016-06-05 10:18:51.000000",0,"b73aa5e12b6654a54ba152722a2901e6","","","c297af4face0c7b701f55338b861793f@example.com",0,1,"2016-06-04 18:04:42.000000",NULL,NULL,NULL,NULL,NULL,"2016-06-04 18:04:42.000000"
49,"bcrypt$2y$13$Iv5hQjlAVQUbwnCRPG0NRON.C9XTFka9qMUmFsXiLOhXqE1Gn9PV6","2016-06-21 13:41:46.000000",0,"2220c9d8176f39680ae52934a89beb1c","","","3896cacac7043c85ec185a63e6a0b03b@example.com",0,1,"2016-06-04 18:05:03.000000",NULL,NULL,NULL,NULL,NULL,"2016-06-04 18:05:03.000000"
50,"bcrypt$2y$13$iPZ6mVIv6yfcgX3plhVbsOkmQs9UujjPbm45NbZF.Tp9yFHmd2aQO",NULL,0,"05120548460e90c951babfd99e9e8d3a","","","384ee680b90ebdcff59989462744d256@example.com",0,1,"2016-06-04 18:05:45.000000",NULL,NULL,NULL,NULL,NULL,"2016-06-04 18:05:45.000000"
51,"bcrypt$2y$13$s6.u8Z0Omsqd32wP1JtM4.Vv1y4YjnaoFtlvrtB4EnSTieSnjZno.",NULL,0,"af1ff7dd2c2511bc712a43a68e98bb64","","","7ed2e1ca1b02623ba6b551d5d1b0dc57@example.com",0,1,"2016-06-04 18:06:07.000000",NULL,NULL,NULL,NULL,NULL,"2016-06-04 18:06:07.000000"
52,"bcrypt$2y$13$7tTSbnIMsfw.Oz9M.K/NPOUk5a92oyNIBePed7mGKCAtkkKv.BJbu","2016-07-28 13:29:02.000000",0,"74b09e56e6f4536d9a383214575f607f","","","b4ed8f47459a49d97e6d39f7b5d1ac1f@example.com",0,1,"2016-06-04 18:06:59.000000",NULL,NULL,NULL,NULL,NULL,"2016-06-04 18:06:59.000000"
53,"bcrypt$2y$13$8ItGd8GM1CxY304fKG6t8eJRsTDI4xWd.HqJ.Ql/FwTjP1kGR97YK","2016-09-27 22:48:47.000000",0,"157257033a285a47d76a4c636abe5a07","","","ba945cfae7514f1d68248c6885322032@example.com",0,1,"2016-06-04 18:07:21.000000",NULL,NULL,NULL,NULL,NULL,"2016-07-28 19:05:06.000000"
54,"bcrypt$2y$13$09mhA6Js1WBY2oOo7rQUDuRxlfBGxzJUgcX..JCWh49bOWugb8wLC","2016-12-25 21:14:40.000000",0,"7894cdf4dcdc631bcec8441454c271de","","","fefbf57e2cb2d12943c4a5ea854022d6@example.com",0,1,"2016-06-04 18:07:45.000000",2,NULL,NULL,NULL,NULL,"2016-07-28 19:04:09.000000"
55,"bcrypt$2y$13$MjxMiokORXuniNXQm3gCPO40SIRTPTfLgEl2LKSPk.5oDRGgOo/n2","2016-06-30 14:02:27.000000",0,"503b30abca15acca492f104f32b70614","","","91b4fd683c5829e82199c68ab6c6ef01@example.com",0,1,"2016-06-04 18:08:15.000000",NULL,NULL,NULL,NULL,NULL,"2016-06-04 18:08:15.000000"
56,"bcrypt$2y$13$BKXayTA.xgjk1tnV.YRcquT88elI0xkfsIfJw9Yu/Ds34XLWAK9Cm","2016-12-25 20:54:45.000000",0,"035aee54bfc5e0c1832d435cc85e63d1","","","0fd32ad03981fb963a8aa80707fd07a1@example.com",0,1,"2016-06-04 18:08:36.000000",NULL,NULL,NULL,NULL,NULL,"2016-07-28 19:04:27.000000"
57,"bcrypt$2y$13$ugEQkLcOX2nyEJht.tKEY.YHpUnaC2R9iylxZCJSCVbL3dqueSzc2","2016-07-02 17:39:56.000000",0,"03642acad32749d9b9b16c0924db9de1","","","d3e18abf36baa84d16e9fabd56e86869@example.com",0,1,"2016-06-04 18:09:04.000000",NULL,NULL,NULL,NULL,NULL,"2016-06-19 10:31:21.000000"
58,"bcrypt$2y$13$EIbaGRto2lmpV0OZGP5yw.Ou13BfSm3YWwothY7.a0ibpJW3UsBdi","2016-07-05 22:01:13.000000",0,"0f30464f6055417bc3b26601d5e715b4","","","5cdbc567c260fcd724648c14bc9a3d98@example.com",0,1,"2016-06-04 18:09:27.000000",2,NULL,NULL,NULL,NULL,"2016-06-19 22:24:45.000000"
59,"bcrypt$2y$13$ktI/tRX.I/Btyvz2w9gR7.yS01ytJer9jrbKNY3xZVyRpNcVuLSRu",NULL,0,"b2cde6f59bc4768ae41e4c0f63588166","","","baa7dd1ea9915905ca2a204f603dc35e@example.com",0,1,"2016-06-04 18:09:45.000000",NULL,NULL,NULL,NULL,NULL,"2016-06-04 18:09:45.000000"
60,"bcrypt$2y$13$omBOnsZT8jIYrW4QoNU0A.BakEIdTpWS/eg3nOaJtR9IVynL69X5G","2016-08-08 14:34:17.000000",0,"6d2dd60927cd8945e35944f738a40283","","","77c8fb526df6717fc9671b04a2f16e02@example.com",0,1,"2016-06-04 18:10:05.000000",2,NULL,NULL,NULL,NULL,"2016-06-29 13:18:59.000000"
61,"bcrypt$2y$13$eOa0ePacRV5fdTUdy7uwY.O7E6ZxglsdXechudir9Jdlwz8omGV7C",NULL,0,"86850079aa3d397dbd38ade38d3a01fd","","","103fe21e8eb294aee33ed4b327059f04@example.com",0,1,"2016-06-04 18:10:41.000000",NULL,NULL,NULL,NULL,NULL,"2016-06-04 18:10:41.000000"
62,"bcrypt$2y$13$msy44RmSEu1aRoW2vWFGSuUq9dfLGBQBSXVJ0D21HUVfIbW6C4mbu",NULL,0,"6990df09e6ddefdc0e50c8f1cf77912e","","","6f867196ea15b9b338659e54279b040c@example.com",0,1,"2016-06-04 18:11:11.000000",NULL,NULL,NULL,NULL,NULL,"2016-06-04 18:11:11.000000"
63,"bcrypt$2y$13$uTIOSZgXyIqPu5KwjEv71eUowKE6bkJ0HWaaRVwLAgfhgPima4ZZ2","2016-07-06 12:26:49.000000",0,"40086f4d3e182cbfed1f28e3ded7e224","","","d11bf83da14d93c9b6838a65fd7891b2@example.com",0,1,"2016-06-04 18:11:35.000000",NULL,NULL,NULL,NULL,NULL,"2016-06-10 19:58:40.000000"
64,"bcrypt$2y$13$ku8WNudNVP5h28LCEz0kbOexRvCAGR9X7heSLSB1OLrlDfj4IJYQG",NULL,0,"be445debecf589ea52308847a9139cfd","","","a8948747cdfc55f10e5bf9008468d4ea@example.com",0,1,"2016-06-04 18:11:53.000000",NULL,NULL,NULL,NULL,NULL,"2016-06-04 18:11:53.000000"
65,"bcrypt$2y$13$wPyVz1ws9v95HBrGJ3UoO.a5jILewo1Al8jNp7hSj.HTlL43hFMce",NULL,0,"14bcae054daa1b600e1ab6a94dc885f2","","","1c4fb8b1766e3a890c64ee79b938d148@example.com",0,1,"2016-06-04 18:12:19.000000",NULL,NULL,NULL,NULL,NULL,"2016-06-04 18:12:19.000000"
66,"bcrypt$2y$13$Cn4QJ4r.HLCWBTPuvwqAgu1hT4sfA06lvznNd8qQdbi1oH3yjrlEG",NULL,0,"019689795a38ed2bd3221d4f6ef6a844","","","6c104c5d5bebe23838897a5764ccf1ed@example.com",0,1,"2016-06-04 18:12:40.000000",NULL,NULL,NULL,NULL,NULL,"2016-06-04 18:12:40.000000"
67,"bcrypt$2y$13$KrovEbClwx4AHvxacs/N5ON6TGfNVDntA/eJmw5VA.4nl3NdqPICG",NULL,0,"57e88cd63c66165f099d89bc031e49fe","","","8d289c203341afece429b8a0a443405b@example.com",0,1,"2016-06-04 18:13:07.000000",NULL,NULL,NULL,NULL,NULL,"2016-06-04 18:13:07.000000"
68,"bcrypt$2y$13$ZYkTyptE4mNYuWohPvlUduz2WMhGVZw7RWPmD4GuD/Z9LMcVf4OYe","2016-06-10 20:25:07.000000",0,"10d9031d9ec6a404bf77e389224f1f8c","","","34e6810be46294f1724b3df57765cb2e@example.com",0,1,"2016-06-04 18:13:27.000000",NULL,NULL,NULL,NULL,NULL,"2016-06-04 18:13:27.000000"
69,"bcrypt$2y$13$7elXq.XdExfAgeat3HdsAOBqjlp3IPicZYbA66f2VRERpV2PP1o9e","2016-08-12 23:04:42.000000",0,"56123fa4e831148ba187a54ace3a7838","","","2db2c1211c30f4c3a7f8e77f4ba0a556@example.com",0,1,"2016-06-04 18:13:46.000000",2,NULL,NULL,NULL,NULL,"2016-06-10 20:11:31.000000"
70,"bcrypt$2y$13$P.Y0D0MMG1dYH9aGwFl5nOgG8IefFoWsauyN3hezt48.93cOpN9Nu","2016-07-08 13:50:35.000000",0,"099e136bd3e28b8a0e9dcb9b5add4ba6","","","3985701da12c9b4397ed6c719dde184e@example.com",0,1,"2016-06-04 18:14:07.000000",NULL,NULL,NULL,NULL,NULL,"2016-06-04 18:42:36.000000"
71,"bcrypt$2y$13$eghY9Q/LoRY9SLvZPwsJS..Ktqqkg2iRH.3ysPjBZ/fv35wyAtMSm",NULL,0,"658de555bb7c5647dfdd782318b1375f","","","c1f0376e58161d42372c05589eebc1d1@example.com",0,1,"2016-06-04 18:14:34.000000",NULL,NULL,NULL,NULL,NULL,"2016-06-04 18:14:34.000000"
72,"bcrypt$2y$13$/.7J6xgjfkrAtrJ3uqZuNuO3bNK9mpHf3Kt29gFMwRULtE.IZZpbm",NULL,0,"099f97bcced7ce21be5d4201823bd4dd","","","bbd65ddb4aeafeb2707b93d1e2d56039@example.com",0,1,"2016-06-04 18:14:53.000000",NULL,NULL,NULL,NULL,NULL,"2016-06-04 18:14:53.000000"
73,"bcrypt$2y$13$kKhml.1rQjU302NmFLSP/eNneJ.6DjAHe0wUxBoM.rZ6Ck8Eitipu",NULL,0,"5cf96f4885228167d97da51dac1ce41e","","","672f5c32ecde4e61bd0102b5d3d61c98@example.com",0,1,"2016-06-04 18:15:09.000000",NULL,NULL,NULL,NULL,NULL,"2016-06-04 18:15:09.000000"
74,"bcrypt$2y$13$6xK6eb4ZgOKCtrm3U00YRuU7abODrDV.0Bk6DMKgJeMfUAlteTGw2",NULL,0,"05cc68206f346702176bf7db11120991","","","12a0361e4ac23cb615ad73b512aa2565@example.com",0,1,"2016-06-04 18:15:29.000000",NULL,NULL,NULL,NULL,NULL,"2016-06-04 18:15:29.000000"
75,"bcrypt$2y$13$jvIwGXRDEeEEw7.k8VqtS.1Q5LF/Ncijcbe1tZz5UhYRcAyGgPwI2","2016-06-27 23:08:06.000000",0,"d958c94a8d91ed0a2fbbf73bd3833093","","","3ef3a9832c17c7ccc9ae281322f3e1a4@example.com",0,1,"2016-06-04 18:15:51.000000",1,NULL,NULL,NULL,NULL,"2016-06-10 20:24:16.000000"
76,"bcrypt$2y$13$M9koUO.zwJoFHQ0g8tI1R.7NEGtxkyOvRhUnrhKYkksH0h9c.QJFq","2016-08-24 16:33:45.000000",0,"8785c5663c6ad80c6dd7758aae440791","","","11f9698e7c00d54df8b07cd47cb0950e@example.com",0,1,"2016-06-04 18:16:12.000000",NULL,NULL,NULL,NULL,NULL,"2016-06-25 11:39:17.000000"
77,"bcrypt$2y$13$ZJGbHQeDoyy9bTRGHT3VW.wumTiEcSHdBISWBSzqMxFvXsK37QKya","2016-06-21 15:41:06.000000",0,"5096060fe5a9e5b6f43d0fba56c8e726","","","a0beb5122fba7d2b4a89c55d8612d1f7@example.com",0,1,"2016-06-04 18:16:32.000000",NULL,NULL,NULL,NULL,NULL,"2016-06-04 18:16:32.000000"
78,"bcrypt$2y$13$7mcyw3/defuEg5dEx2SF4e08rh5jrosNNZ/9UeHGedjRdkMXFjpZu",NULL,0,"8be8db7cab2a32b33577ad30e277c92c","","","eca3b3cc9e0382936cc6f16939305557@example.com",0,1,"2016-06-04 18:16:49.000000",NULL,NULL,NULL,NULL,NULL,"2016-06-04 18:16:49.000000"
79,"bcrypt$2y$13$f/gWfmfOe1CHunCg9RLUjuj2.tUyzL6kbMKzV8YH4L18nid.RVU36","2016-08-14 19:11:30.000000",0,"8ee9bb82d36800bba4fbc8f48e4febcd","","","28dc04b57927c9992de59a6d4c58cf5f@example.com",0,1,"2016-06-04 18:17:05.000000",NULL,NULL,NULL,NULL,NULL,"2016-06-04 18:17:05.000000"
80,"bcrypt$2y$13$6JGfFD1aqJSNrN.OzKgDAezNUX4yPEjdq.mICw7jC2X2.IazXf/.e","2016-12-27 15:50:40.000000",0,"732e4f78035a32c8c859527e79547c75","","","279ea6787a93b85b885e3092d13ce100@example.com",0,1,"2016-06-04 18:17:24.000000",NULL,NULL,NULL,NULL,NULL,"2016-07-28 19:04:43.000000"
81,"bcrypt$2y$13$A6.i.IP88zeJdtZ1cLdjU.fhwrLGTDzrm1jj97vTWF84xv8RDdpCa","2016-09-15 18:56:04.000000",0,"8f34dcbc084651d0729393247275a866","","","805698afa60b098e3fe9732749b6ecea@example.com",0,1,"2016-06-05 08:15:53.000000",NULL,NULL,NULL,NULL,NULL,"2016-08-18 08:07:45.000000"
82,"bcrypt$2y$13$qmh.43fSCI0tIFnZnJT2OupSmg3Dg5.ZLJaUln2J/1FdZfAN8K7hy","2016-07-16 11:35:12.000000",0,"6e31cee27adfdb921a119589f404e5fb","","","f114c24ff337fe3891dbd2d83c85514f@example.com",0,1,"2016-06-08 10:41:02.000000",NULL,NULL,NULL,NULL,NULL,"2016-06-08 18:37:49.000000"
83,"bcrypt$2y$13$G9byEVQQxaL4wYAJHHuCm.0VwMnwUOWswsxwld/NCRsQIZLfA71Pe","2016-06-10 16:02:15.000000",0,"cfc3d9987bbbb49ea7792a9ce1ebdd0f","","","05035dacd423fc9f955245e32eba22ca@example.com",0,1,"2016-06-08 12:07:21.000000",NULL,NULL,NULL,NULL,NULL,"2016-06-08 12:07:21.000000"
84,"bcrypt$2y$13$M1KzATWc.1M2BFsOmI1nX.cyQU2PB3HEk.8h15JmY2suDCZuUP/uG","2016-06-15 19:32:13.000000",0,"c1db6221622c08d4d4e56895ed8a354e","","","aee28177cc98f6cab99e9084e707fd58@example.com",0,1,"2016-06-15 19:32:13.000000",NULL,NULL,NULL,NULL,NULL,"2016-06-15 19:32:13.000000"
85,"bcrypt$2y$13$y5bLKKhNQtaEYaIkD9UICO/lDEYARiXiYbdOP/waIhnss3ehiZ1l.","2016-09-20 19:14:05.000000",0,"165a9e26e9126d6d71e1c2c60d330790","","","b3a86f96a3cd9e497239d1fa01903125@example.com",0,1,"2016-06-16 20:33:11.000000",NULL,NULL,NULL,NULL,NULL,"2016-06-19 09:31:54.000000"
86,"bcrypt$2y$13$8Hjz80977SGEUjl2e89dTuB7QYqaeIUPJTphp2UMid/ZN1mLHJzsq","2016-10-08 14:27:00.000000",0,"e4cd69afe4cdb40004c9db91550b62ec","","","3171aa8c420f8c06980fde03d0a6f505@example.com",0,1,"2016-06-17 10:24:23.000000",NULL,NULL,NULL,NULL,NULL,"2016-08-22 08:24:44.000000"
87,"bcrypt$2y$13$np5GR3tha8tdwZ5fN79SL.HIq5tAlmK41BrmJNPdiSjaQ8UaPLB3q","2016-06-21 14:30:15.000000",0,"6d05a644bdc81512d983e0a8efffdd21","","","0dde3dee6f5ba36d44959005fc2436b2@example.com",0,1,"2016-06-19 15:47:33.000000",NULL,NULL,NULL,NULL,NULL,"2016-06-19 15:47:33.000000"
88,"bcrypt$2y$13$mozmqy5FQv4hojTScSZkvOJ2zOBpQ2C2vMi9YhXapJdyLPBmB0Cs6","2016-08-18 18:08:56.000000",0,"3eb510581c50ef459794b78ffc785519","","","0767208dd7d3996e8bd8c3d38175568c@example.com",0,1,"2016-06-19 22:30:29.000000",NULL,NULL,NULL,NULL,NULL,"2016-06-20 14:19:37.000000"
89,"bcrypt$2y$13$wwPdIMtAehMSat9JmHDHmuALtu8dujidqkmHPJ3nxm5cwV1GTcZcW","2016-06-20 09:57:58.000000",0,"7a22c336582b2c682288a4dc109f013a","","","6ed70576a47a9766ffcf33b12ca9a1e4@example.com",0,1,"2016-06-20 08:35:27.000000",NULL,NULL,NULL,NULL,NULL,"2016-06-20 08:35:27.000000"
90,"bcrypt$2y$13$NuGC1gv0f3hlgz98ZjNPMuo4KEZD26rcYN5lAA73M4oH7ngLwppaG","2016-07-01 14:41:53.000000",0,"411c70f04d8085cf7c5b46e41add5944","","","d9759702ef76278da2bae596c08fa098@example.com",0,1,"2016-06-22 17:26:57.000000",NULL,NULL,NULL,NULL,NULL,"2016-06-23 15:56:31.000000"
91,"bcrypt$2y$13$FfT2uKyH6JFv5SeKWDEhXuDwaDwtWkqMDyhTEauTj4RRw6GlbTcka","2016-06-23 20:41:30.000000",0,"07ba1263ce5bda77e13d7e0e14bcfc7b","","","d93377e99e91a465951f1fd31ed21027@example.com",0,1,"2016-06-22 17:35:27.000000",NULL,NULL,NULL,NULL,NULL,"2016-06-22 17:35:27.000000"
92,"bcrypt$2y$13$vNYPMPwWaSpGWI9xm3/3POHxGbL7u1gbSixKpwCBOKhN45PgxNvAi","2016-08-28 09:28:46.000000",0,"b929c779cd9692cb4ddf35f6d1b6d243","","","ff69c8873c7e7360b4568f603ff3ab9a@example.com",0,1,"2016-06-29 14:48:48.000000",NULL,NULL,NULL,NULL,NULL,"2016-06-29 14:48:48.000000"
93,"bcrypt$2y$13$O0/ReCIkA/rDQyge//VC3uPG/oNvvvutu/gswteuZSbiZN9EYUnsK","2016-12-26 10:17:02.000000",0,"0f949768dbdcf8d32ac2c87cffc1e0c8","","","251f3c2bec1cb10c46f180f2e4eb41cd@example.com",0,1,"2016-06-30 09:11:11.000000",NULL,NULL,NULL,NULL,NULL,"2016-09-02 18:31:50.000000"
94,"bcrypt$2y$13$DcGReuMWqw6XMlWsSQNJZOodniz8C4hFSXHAtsCy2eZTmlp7Yj6.S","2016-12-25 16:01:46.000000",0,"2c5266de6883e9f2eabb983fd8061477","","","483e73cdac58c5f5d99fad59d05df264@example.com",0,1,"2016-07-01 19:06:42.000000",1,NULL,NULL,NULL,NULL,"2016-08-10 18:25:41.000000"
95,"bcrypt$2y$13$KvOARxLnxEsfy.coSPQOiuxl./tR6TbJaMWLxLvrAnPZZur3.g5NS","2016-12-02 12:23:33.000000",0,"e3488000fbf5cbc0244ff7eb6a1f9080","","","c0972ba9a8b186615e1094115da5f908@example.com",0,1,"2016-07-03 18:42:05.000000",2,NULL,NULL,NULL,NULL,"2016-08-11 20:13:37.000000"
96,"bcrypt$2y$13$1if7w.R3WihLg/hRZ/FwaOQwSwhFPcS3.ItEUpqR16XlHBRxqkIqG","2016-12-13 08:54:56.000000",0,"ad0c5ae2a3017c64fc978e38aab5b608","","","e2a983039e75359ba118380d04bb1f4d@example.com",0,1,"2016-07-05 16:07:14.000000",NULL,NULL,NULL,NULL,NULL,"2016-07-05 16:07:14.000000"
97,"bcrypt$2y$13$44sae1236CMIYHgomd1gKOCuY8hQtF1SCb6D2IZmKblEF.FGA8h.i","2016-07-15 20:55:45.000000",0,"8a09bb223ab62aa622eccb9a771c53ee","","","6fbaaa9a62b734a2f9c2e2359ebae558@example.com",0,1,"2016-07-06 13:05:23.000000",NULL,NULL,NULL,NULL,NULL,"2016-07-06 13:06:45.000000"
98,"bcrypt$2y$13$X4SkqwA8iknj9bp/BZGKTObFXC33/HKZnWheyU3gCSwAM0NTIYwmi","2016-12-26 10:17:25.000000",0,"b79e48afbdc27f29ebdc401a878ca312","","","8492fb4df4f560fa880868c63731744b@example.com",0,1,"2016-07-06 13:05:42.000000",NULL,NULL,NULL,NULL,NULL,"2016-11-21 18:09:23.000000"
99,"bcrypt$2y$13$ofH1kDQElrtnCHLFHvWGJeC9.ULE8vPBksgDOInDk.Udzfiut9O4S","2016-07-11 19:13:46.000000",0,"aab00dcfb3e6d609c94f547add05d5ae","","","43001a4f478b19d28dd7174791fdd7fc@example.com",0,1,"2016-07-06 13:12:43.000000",NULL,NULL,NULL,NULL,NULL,"2016-07-06 13:12:43.000000"
100,"bcrypt$2y$13$VupfdyGIMbDc3pBnLd4C0.JJ4VOswFJvrZa1eN4HZ0Ru4s/lXossm","2016-07-16 18:54:57.000000",0,"2c0593a18049600f5004eed64dd7de61","","","30ed59497215fb9c016127e059e60947@example.com",0,1,"2016-07-06 13:15:43.000000",2,NULL,NULL,NULL,NULL,"2016-07-16 18:54:06.000000"
101,"bcrypt$2y$13$Rj2iE/nTLLkmZtrADPLiWe6OoiHeYkpIBKxp/bRHvf2WnBTGqWvPW","2016-07-22 17:20:46.000000",0,"30ca13a1ed124d8cb1e3f40f803c161b","","","cb19a811bc29b3dff2acb5b550523c3d@example.com",0,1,"2016-07-06 13:24:08.000000",1,NULL,NULL,NULL,NULL,"2016-07-11 13:32:53.000000"
102,"bcrypt$2y$13$4rP1DYRaNGULYXYwdRvIbeC15vXwL71/aRJIXXKQdsVCUm5RupPeG","2016-07-15 10:27:04.000000",0,"5ae5ecb2bffb74e56e997163c82e4205","","","35fe9879ee00f8029e9c4d54fb8ab75e@example.com",0,1,"2016-07-06 13:24:24.000000",NULL,NULL,NULL,NULL,NULL,"2016-07-06 13:24:24.000000"
103,"bcrypt$2y$13$N43WGCha3YB9yuikQfRPG.wgEieyynDXAG5TRhLuJvwO4trW2Yn4a","2016-12-19 12:37:13.000000",0,"a34fe1d0f63aa1e2477f1a6abb867c2f","","","ce5a703d73044c7e3f45c8aa20f89b9f@example.com",0,1,"2016-07-06 13:29:21.000000",1,NULL,NULL,NULL,NULL,"2016-09-23 18:00:09.000000"
104,"bcrypt$2y$13$2Z04GlcH2s7Oyy7pd1oOFuZGLO4egFcnMt7Z2Q6Lx/tSpZRbEABj2","2016-07-06 13:37:34.000000",0,"dd3d6d36e57af5c6241c80c6daba8ace","","","26abb3f2360782cefd88b5cc0fd0a8e5@example.com",0,1,"2016-07-06 13:37:34.000000",NULL,NULL,NULL,NULL,NULL,"2016-07-06 13:37:34.000000"
105,"bcrypt$2y$13$ehpmCFaJitpYDfOagJIC/.03efuRcDf6GSXT8sBP7Uba2yAG.RpJa","2016-12-26 10:48:46.000000",0,"d40fe8c49d68b8a4d83bfe86c75d15f9","","","c387fdcbf8d1dc9e4840f1dc65e5eeea@example.com",0,1,"2016-07-06 13:40:06.000000",2,NULL,NULL,NULL,NULL,"2016-10-07 10:22:09.000000"
106,"bcrypt$2y$13$JW6tMR9WvyEYu4obVdR66.vcz6UMa5RmKkAqlXCH9sLlkhe5y.Sc2","2016-09-30 15:47:03.000000",0,"c59dfca9dc8e4c7602e70eb898c49dc6","","","8837d6a856a8cb4a990d35e5bca6ef3a@example.com",0,1,"2016-07-06 13:47:05.000000",NULL,NULL,NULL,NULL,NULL,"2016-07-06 13:47:05.000000"
107,"bcrypt$2y$13$iL/hA7gAJL7vGRBm0oyCmus8gJZG0J4p4kACemLTUjwdjiIrKyMzG","2016-12-03 15:48:17.000000",0,"e30f507fea6f101ef05237dc1da94c8f","","","430cc081dff725500f77de5097ac7608@example.com",0,1,"2016-07-06 14:00:33.000000",2,NULL,NULL,NULL,NULL,"2016-08-07 08:22:28.000000"
108,"bcrypt$2y$13$i8RWFTMLQKpPoEVu4Kdl5ewAlNhSYhAlCnHN3nS6c53r/v.N5wl9m","2016-09-22 16:04:22.000000",0,"b4278536ddba4042743af77aad06d98e","","","fce8f155355853e7e8d863733a8c5ae9@example.com",0,1,"2016-07-06 14:09:34.000000",1,NULL,NULL,NULL,NULL,"2016-07-06 14:12:41.000000"
109,"bcrypt$2y$13$zvj26914sd0nSZoBrc8s6u1ailTR69RAW6dCmGZjAR0fb/2AOAyCK","2016-07-09 09:06:42.000000",0,"b01c244f0526d609998d5747baa8e180","","","1c679492bd0394e2930f533da22e36e2@example.com",0,1,"2016-07-06 14:15:54.000000",1,NULL,NULL,NULL,NULL,"2016-07-09 10:42:56.000000"
110,"bcrypt$2y$13$OWUTRhUFeVok7WWtd/XQGOvSnjiTjR2nNxpnGI.ZK1ps8gWdLwdIe","2016-12-26 10:53:54.000000",0,"967acf6c4d5d750da11d0eea20206492","","","2a796dfda2ecfd153889dffef781756b@example.com",0,1,"2016-07-06 14:27:52.000000",NULL,NULL,NULL,NULL,NULL,"2016-11-10 14:03:58.000000"
111,"bcrypt$2y$13$Hw7jvOjihwoRGITmiteRZeXkh5k/3Nub/Vfuc0Pg0BpFR/UHbOSo2","2016-07-10 16:09:25.000000",0,"a34472ed8cf1b335caa3496eed0fccd8","","","967ec1da5a0ae922f786a34107897424@example.com",0,1,"2016-07-06 15:20:54.000000",NULL,NULL,NULL,NULL,NULL,"2016-07-06 15:20:54.000000"
112,"bcrypt$2y$13$druFgS0rSghKf5u1n8yzWurzgoi.vVLLE5r2lgHoI5sTkOi7fU.5q","2016-12-26 10:23:31.000000",0,"89e340f3652207e3430bad2678489f2a","","","7a49b58e696ac1a24fac70aac63b1cda@example.com",0,1,"2016-07-06 18:00:08.000000",2,NULL,NULL,NULL,NULL,"2016-07-07 09:14:44.000000"
113,"bcrypt$2y$13$CXSCOCK8vPK89NrNA76yW.ICJpqMZsATMycZ0WM3mqFxd.8/w7lOC","2016-12-25 20:56:36.000000",0,"5bbedc35c699b2fac2674739cc1eb277","","","1ac807c6f0db2d53d5d606dc9d9cf1ea@example.com",0,1,"2016-07-06 18:03:37.000000",2,NULL,NULL,NULL,NULL,"2016-11-09 14:41:56.000000"
114,"bcrypt$2y$13$xwp/3NyFALhEm28Uxwn6b.GMfxpk4gJYMRDofEwaGaxUCuRsr6Jq.","2016-12-26 09:45:00.000000",0,"d40f854e02abd96ba02af8a45a76b238","","","358904278c499389009ec581b2f8d2af@example.com",0,1,"2016-07-06 19:52:26.000000",NULL,NULL,NULL,NULL,NULL,"2016-11-21 18:45:12.000000"
115,"bcrypt$2y$13$hN70Jyqu2twc9Tk3TIu7YuueCwT.S2spRm8.gx7uSWdYT8VHGMJTq","2016-07-11 07:44:44.000000",0,"5dd1e61cf952d8fbc12dd8568332fd9e","","","1fc7f23442608a594c9fbe3c2431623c@example.com",0,1,"2016-07-06 20:08:07.000000",2,NULL,NULL,NULL,NULL,"2016-07-06 20:52:23.000000"
116,"bcrypt$2y$13$qrYdfdzd0dcO.P4r9mAuIOYviu/cgCH3kYpERSM.zX3sr27zOVTaq","2016-07-06 21:01:07.000000",0,"2086a1db45401caedf6ca552e79fe33a","","","6893a296ccef440a4a1836c28008f61a@example.com",0,1,"2016-07-06 21:01:07.000000",NULL,NULL,NULL,NULL,NULL,"2016-07-06 21:07:04.000000"
117,"bcrypt$2y$13$ZF5uYSLECm2MGZNOa.71su5v.rSHHJTUL2QZGFHG1xniXe1PtpNKW","2016-07-06 22:04:59.000000",0,"ab4aea93f83fd3aa178fa3bf4334e600","","","bd0a1d493da97f7bfc24d9b437a8668d@example.com",0,1,"2016-07-06 22:04:59.000000",2,NULL,NULL,NULL,NULL,"2016-07-06 22:08:07.000000"
118,"bcrypt$2y$13$WfdY9LDnGabIgXDFCDoQluOII9GHb2vgO5clotRF9y5bosykqU7ia","2016-12-24 12:08:40.000000",0,"cad064d36caf274471a033664ae5b701","","","25c4660a3e1c3439f02f388129f5ee5c@example.com",0,1,"2016-07-07 09:21:32.000000",2,NULL,NULL,NULL,NULL,"2016-09-04 17:31:51.000000"
119,"bcrypt$2y$13$SR3F3oDhW4/F10uzmR82E.OxHs67bDC1tAaIlQCNoOyAB1GESusgy","2016-08-08 13:26:08.000000",0,"ec127f6063db537e119b5299f416c030","","","250f7226c23a438e0d5bbb24ebbeaf99@example.com",0,1,"2016-07-07 10:49:10.000000",NULL,NULL,NULL,NULL,NULL,"2016-07-07 10:49:10.000000"
120,"bcrypt$2y$13$2Td0JLDGDNJvHkBd7MqJbucCDqxld80zLokwPYtkRe1buXP3ZSooi","2016-12-26 05:34:16.000000",0,"de02783f95af070b9d4a3eee3de1a89e","","","a9e9c98f22654152acd99d147d5c1e0b@example.com",0,1,"2016-07-07 11:09:22.000000",1,NULL,NULL,NULL,NULL,"2016-07-11 21:32:03.000000"
121,"bcrypt$2y$13$sqwE2xrJNXqVUDsfpklPeeuc/7jc72hS5rGcXl9lGD9Tf0wnp0r.C","2016-07-07 14:08:25.000000",0,"064e6d3ae86aeff5d180a97b3152f9d5","","","830f29feaf0233e89ebfa5bfca3fc0d9@example.com",0,1,"2016-07-07 14:08:25.000000",NULL,NULL,NULL,NULL,NULL,"2016-07-07 14:08:25.000000"
122,"bcrypt$2y$13$2Eg4fkeOMkkPHbR45Q0nzetY5mI7CCCjDTpGn3LIf8ElxALhHcWhi","2016-12-26 10:01:12.000000",0,"05bf45ed41bd379e7628cb3c2c5d8962","","","9c501dbca203e33865313ef3097b6451@example.com",0,1,"2016-07-07 14:09:59.000000",2,NULL,NULL,NULL,NULL,"2016-10-24 13:23:07.000000"
123,"bcrypt$2y$13$j4rjHaHe6nD1F/WF4GPqUOCFpbKD82dmKCSH34N/3E4EnaTTNKPOq","2016-07-08 13:24:32.000000",0,"cf1eb06ad1ded9b40bddb7706460b575","","","863c5a1d6d2e0e141bcfea1ec459de95@example.com",0,1,"2016-07-07 14:23:10.000000",NULL,NULL,NULL,NULL,NULL,"2016-07-07 14:23:10.000000"
124,"bcrypt$2y$13$maV9TUc5u1kZI3H5CpawkeTLTFSa3sMZIoUiWoQxouyKP0/YVSfSu","2016-07-07 16:37:14.000000",0,"6a82dd5dd2fc7bcb05971d3aed18cfa3","","","e7ffad62e1b910fb2f6863f510359f97@example.com",0,1,"2016-07-07 16:37:14.000000",NULL,NULL,NULL,NULL,NULL,"2016-07-07 16:37:14.000000"
125,"bcrypt$2y$13$gSXy3UaYh.OePkND4fTthu7oQWwNxKXKZhTF3/fGHuricc1/U569.","2016-07-07 16:46:28.000000",0,"b4d0249388e05c26f20072c9fe144d6d","","","66075b25d050a8ed10858fb917093289@example.com",0,1,"2016-07-07 16:39:49.000000",NULL,NULL,NULL,NULL,NULL,"2016-07-07 16:39:49.000000"
126,"bcrypt$2y$13$MIbCP4drlp.OfJo07DKbuOXgkqTgykTNWn5DAwsxUYJw8nIFzkIhy","2016-07-07 17:11:15.000000",0,"ab2994fe764e6b142860c86b4a1bbca7","","","449e8748e9d0a264c9d04a9951cf96a8@example.com",0,1,"2016-07-07 17:03:18.000000",2,NULL,NULL,NULL,NULL,"2016-07-07 17:16:02.000000"
127,"bcrypt$2y$13$Zgqspo5jMQ/VlKaAyGMB7uKQ9OWlNk9/jMDTToPJwRpVPtbDXEscO","2016-12-26 11:27:14.000000",0,"5fbc5fa4858c3e61ba67acd47a22659f","","","8f08a110ccc3200ef6d8bd2fe195c85a@example.com",0,1,"2016-07-07 18:42:45.000000",NULL,NULL,NULL,NULL,NULL,"2016-07-07 18:42:45.000000"
128,"bcrypt$2y$13$pY/DHwxOuLG1D9VLYEEy/eEX55niTK7mJqBNa2VCz7GDe3L9IXW6u","2016-07-08 16:56:55.000000",0,"a1434dcff72b934748031306f6eaef74","","","46889c35420e69745fcd6bf597c8c8c2@example.com",0,1,"2016-07-07 20:47:33.000000",NULL,NULL,NULL,NULL,NULL,"2016-07-07 20:47:33.000000"
129,"bcrypt$2y$13$kKJsXjM1CvLUvK.LPI3LJ.06zalr8NgeW1SbzvU9MArC6s2Xm2V.C","2016-07-10 19:54:25.000000",0,"eadb913d6ed1cf84f96be21af5c15841","","","ad3e2a13058a4ba237165a7d7145a4be@example.com",0,1,"2016-07-07 22:23:11.000000",NULL,NULL,NULL,NULL,NULL,"2016-07-07 22:23:11.000000"
130,"bcrypt$2y$13$YrdQSW0s3FrZKgg.ewsfCe2Y/GcjtSHceIPLuMFW.zpwGWDa8zbU.","2016-09-30 10:18:19.000000",0,"64d42765dfc444e42ff50008449f3fbb","","","eb925f8e892ec91a7646e9003f868155@example.com",0,1,"2016-07-07 22:36:44.000000",NULL,NULL,NULL,NULL,NULL,"2016-07-07 22:36:44.000000"
131,"bcrypt$2y$13$eRPhqrjblIZuf0wjmQLFR.7azKGvJwyL2ZpI1SNp75txncPrhAXbq","2016-12-26 10:52:34.000000",0,"58a2f2c05b38cc865331900f5ad4e267","","","c2026c24acf4e7492fac6dc8fd1992c3@example.com",0,1,"2016-07-07 22:54:06.000000",NULL,NULL,NULL,NULL,NULL,"2016-07-07 22:54:06.000000"
132,"bcrypt$2y$13$k6Clu6p6uQxPF9dmbotBN.mVS9imCLtq3H/AAIidayLhYUTsSkyNi","2016-12-24 18:27:48.000000",0,"f5cdf52d16c4569a5baa45b83cb91d03","","","a9a75378d8ddd4bbcece140c9325ec3c@example.com",0,1,"2016-07-07 22:57:09.000000",NULL,NULL,NULL,NULL,NULL,"2016-07-07 22:57:09.000000"
133,"bcrypt$2y$13$FXpoQixrH6yO/lRRHRQz0eLm5u9fHLJ9WPlbL1IEJX3noQhOkqr/O","2016-08-10 21:51:49.000000",0,"009d9262c6f490d90a783ab49c156bdf","","","a34517f4d126eea86aa06a7e6de5b2b0@example.com",0,1,"2016-07-08 08:44:10.000000",NULL,NULL,NULL,NULL,NULL,"2016-07-08 08:44:10.000000"
134,"bcrypt$2y$13$9JgK5c4XH11pfP9MbVMGPuNr6nFVW/geGoDhWbw4AO5JdLgAtl4sG","2016-07-18 09:42:46.000000",0,"4b25728d00994e29f090437831ce259f","","","363960010d5166b6350aecb4e975f00f@example.com",0,1,"2016-07-08 10:41:53.000000",NULL,NULL,NULL,NULL,NULL,"2016-07-08 10:41:53.000000"
135,"bcrypt$2y$13$kqH3WXMgrKS8Ro7ayWD0DeEYH0npSl/2Io378gCIahs4Z7LMt78ZK","2016-12-19 12:59:00.000000",0,"03f8b34b5876f8062159cd184a33116d","","","1da22dd1cd562974d8f9acd2ebca6a14@example.com",0,1,"2016-07-08 11:49:47.000000",NULL,NULL,NULL,NULL,NULL,"2016-09-19 10:53:05.000000"
136,"bcrypt$2y$13$neFe0NWjiyb8Yr/uAKjPQugR5Q2SbZeJzhShy.HpdGkoLosS0tMgm","2016-07-10 15:28:53.000000",0,"b5eedb571b2b959b21f36100643e94c4","","","eb0ef98d00ccf6d8676ed1eaa2f24461@example.com",0,1,"2016-07-08 11:56:10.000000",2,NULL,NULL,NULL,NULL,"2016-07-08 11:56:10.000000"
137,"bcrypt$2y$13$.PQIrw.RLaQCmuTpdiw/FOgY46j49d0FjU6WPngOdAvMjM1PMDdSa","2016-07-08 11:56:34.000000",0,"69d7303356e898f5de91d80a41c54b31","","","5cccd253e83fe0b033dce375a3ffa276@example.com",0,1,"2016-07-08 11:56:34.000000",NULL,NULL,NULL,NULL,NULL,"2016-07-08 11:56:34.000000"
138,"bcrypt$2y$13$.UrqrALOCxFK5JdwFSiKHu1JfbqZzrlFwl7Mz5ovAJzbxzfYK3z/y","2016-07-08 12:27:51.000000",0,"4cd9c80b6ee475191dd8d84e626acbc9","","","75ed6cec5bc375069c2bc6077b8d33a6@example.com",0,1,"2016-07-08 12:27:51.000000",2,NULL,NULL,NULL,NULL,"2016-07-08 12:30:31.000000"
139,"bcrypt$2y$13$O8H9hS7JI.feWeFXdH.XF..pBYBGLgg4kOFkRrd.95Bzko.sxcHQa","2016-07-08 12:29:34.000000",0,"494d409935bfc54d52109ac6799713b9","","","11b46ad91a835624bd9628abf3ccac5c@example.com",0,1,"2016-07-08 12:29:34.000000",NULL,NULL,NULL,NULL,NULL,"2016-07-08 12:29:34.000000"
140,"bcrypt$2y$13$v9SSELq2PLD6vi8b89AhpOkISaqY2ghuPXVrBTCKsdVoW5JehYAny","2016-07-08 12:33:40.000000",0,"46028c312c7b6b46c8d07cef5f64f40c","","","7240e8265d7e5dc2f9a53ff7e6c562c1@example.com",0,1,"2016-07-08 12:33:40.000000",NULL,NULL,NULL,NULL,NULL,"2016-07-08 12:33:40.000000"
141,"bcrypt$2y$13$PpwkrgMQYvPY8lkmvslZEudDLgUWkc0a3pvaoVsUojELRlF9uiV9e","2016-12-26 09:56:49.000000",0,"7c6ffd7c15e949cc1025b1bcd8f2b2b8","","","f55fadf3b760b3a8d950d1e0347e63b7@example.com",0,1,"2016-07-08 13:53:12.000000",NULL,NULL,NULL,NULL,NULL,"2016-08-19 18:54:12.000000"
142,"bcrypt$2y$13$jiH1gtr6Jra1UD/nr9YZXe1XJ6hI.8u1PZdB51TsXfBIONOtK8urq","2016-08-02 15:40:35.000000",0,"1a0372abc2590beda626ea0c89facc3a","","","b0a89b9e390008ba34c3099ac1271437@example.com",0,1,"2016-07-08 21:48:19.000000",NULL,NULL,NULL,NULL,NULL,"2016-07-08 21:48:19.000000"
143,"bcrypt$2y$13$AjdG58.IrlunUnwOKX67t.QMIgpi7saqybLGT0HRFLjwFDvAwRaC6","2016-07-10 00:48:36.000000",0,"5c058eef99ccf11ca92ec9df7d7b191f","","","aa43894faeaf726c24a408819385cead@example.com",0,1,"2016-07-10 00:48:36.000000",NULL,NULL,NULL,NULL,NULL,"2016-08-19 18:14:17.000000"
144,"bcrypt$2y$13$jlAtzQfbcJzMXdR7O0Wa8OJUIwhkC4DwJkaXLvlcgKwlcD9FFDaii","2016-07-10 14:16:26.000000",0,"155889182ef343577d8e40841913d7e4","","","ebd4d7ecc9413c7497c5f8f7f6887c53@example.com",0,1,"2016-07-10 09:07:18.000000",NULL,NULL,NULL,NULL,NULL,"2016-07-10 09:07:18.000000"
145,"bcrypt$2y$13$tapd/aspDyh74Enp4HaGHODw8aqSDTOLMiY5a06BjXdwUKAKg4NpS","2016-07-10 17:52:22.000000",0,"22b92f160b196d9e0e62c0138f232db6","","","650f2da9cc786cbfb250e9c10d651902@example.com",0,1,"2016-07-10 14:34:19.000000",NULL,NULL,NULL,NULL,NULL,"2016-07-10 14:34:19.000000"
146,"bcrypt$2y$13$31IhSiQn7LOxpc3u/SfsvessfiCR0kvlLAQtwfgfno8FMGXlf2KIy","2016-07-11 14:52:36.000000",0,"ad94f92ccd56c312a2df5c6e88cae495","","","0c56b2285b8cca6901abd0f847b6fcb7@example.com",0,1,"2016-07-10 16:39:49.000000",NULL,NULL,NULL,NULL,NULL,"2016-07-10 16:39:49.000000"
147,"bcrypt$2y$13$UCx.OwGsfVWFne7Em2h.p.1798xX36arkU0zIMeqFc7iJeJrriTHS","2016-08-13 15:07:24.000000",0,"6c766277d24992b619b98b568650e7cb","","","511b053ba3980fdbe5ebd6138f6d07ee@example.com",0,1,"2016-07-10 18:21:44.000000",NULL,NULL,NULL,NULL,NULL,"2016-08-19 19:40:17.000000"
148,"bcrypt$2y$13$mNDLwjpsxOICSzHGujHcxOykeFBFJwIx6veQjASnYoloIXVH5dqQi","2016-07-10 18:31:36.000000",0,"81f315cbfe180fa8b7d0ac13adf2056f","","","aa561b6e759f5d46e312c97e6e310105@example.com",0,1,"2016-07-10 18:31:36.000000",NULL,NULL,NULL,NULL,NULL,"2016-07-10 18:31:36.000000"
149,"bcrypt$2y$13$RTgUIDbXtCBQSQsJNDKFm.7T2j.w2hSyMsVy9jzxNKUtRkcw25dy.","2016-12-24 08:33:47.000000",0,"fbcdd4ab7ee8acd2dec04d3c5eeb49fe","","","8c2d70f059b58d4826c835c547090b2c@example.com",0,1,"2016-07-10 20:08:46.000000",NULL,NULL,NULL,NULL,NULL,"2016-07-10 20:08:46.000000"
150,"bcrypt$2y$13$nSp//Ij7PtKk.5CBPKYfS.b6I9rQZrhs2xP3mM4AxqW4uDi0/GSmK","2016-07-11 18:55:02.000000",0,"d44ba04a84d7d36055d9087b114c5a34","","","7a67f181d86263925511c3c0a725630a@example.com",0,1,"2016-07-11 18:55:02.000000",NULL,NULL,NULL,NULL,NULL,"2016-07-11 18:55:02.000000"
151,"bcrypt$2y$13$y1kgdj1yqOgaITKEjCL7NePBe./6brINS5B9Ygqgwq5D3xm8POnlS","2016-08-15 21:36:16.000000",0,"cc341246c0239af4ce7644cac13e27e9","","","76fd9b5e33953beb70fba1f590fe8580@example.com",0,1,"2016-07-11 20:14:03.000000",NULL,NULL,NULL,NULL,NULL,"2016-07-11 20:14:03.000000"
152,"bcrypt$2y$13$3J/YsYxNXUeiCRLdlqHUGOtqC2Sy/p6gHs/ffFLYtxbiEyK1cQ4bO","2016-09-01 20:41:49.000000",0,"5ea51b3d720940450ecb85d40f60d46f","","","aee4233709009c80b9acc56e01d44808@example.com",0,1,"2016-07-11 20:31:51.000000",NULL,NULL,NULL,NULL,NULL,"2016-07-11 20:31:51.000000"
153,"bcrypt$2y$13$a58HDt.pJAW7zBL1fhYmkOyZfPRRYVrM2deHUHkrFJY0P8jOdjIia","2016-09-30 18:35:50.000000",0,"8e55ffd8e8d129670c22ce68d8f22774","","","144741d653fb2253f93897e48444fd2d@example.com",0,1,"2016-07-11 20:34:53.000000",NULL,NULL,NULL,NULL,NULL,"2016-09-25 08:45:01.000000"
154,"bcrypt$2y$13$e1sdRvbqVK8yS2bcsdaof.byE7ilr48.jEdBYdIq1oBBk4ZvfTVnW","2016-07-12 14:39:47.000000",0,"d516775e89a67409e9804e1e14f23b0a","","","f4958bd91090eedcbc8bff96cd26af8d@example.com",0,1,"2016-07-12 14:38:47.000000",NULL,NULL,NULL,NULL,NULL,"2016-08-19 18:13:59.000000"
155,"bcrypt$2y$13$1He8VLT5Zuq/61jtyUZeI.7ncbdIIsVkPDOloFsNKH4E7VkpdXWyG","2016-07-13 13:52:16.000000",0,"8954cad8cf19c72e1846761e5e95c096","","","faea8293110053df22a1d60b3d52e5d8@example.com",0,1,"2016-07-13 13:52:16.000000",NULL,NULL,NULL,NULL,NULL,"2016-07-13 13:52:16.000000"
156,"bcrypt$2y$13$X.at4ZleyRD/XHHgMwZ8Ae1XSvzI/H81zhCJCoSgJqaS8bAsjzjS2","2016-12-25 21:19:02.000000",0,"0c5667ee1aee8107e309e1714315737e","","","b2e6be2363a4bd8c818315b8222c9c9c@example.com",0,1,"2016-07-13 15:06:20.000000",NULL,NULL,NULL,NULL,NULL,"2016-07-13 15:06:20.000000"
157,"bcrypt$2y$13$eAitK3/Okkq8/Mb.VCIowupj5VJ5oobcbiMgePuxqSStZmEp7XJZ2","2016-07-16 10:07:07.000000",0,"3fecc98a1a29ddb2777fd0932ff374c7","","","5d23fed8d22438c9c8a90f9d6dec4dc4@example.com",0,1,"2016-07-14 20:28:25.000000",NULL,NULL,NULL,NULL,NULL,"2016-07-14 20:28:25.000000"
158,"bcrypt$2y$13$mJEpimfJYB6.IHnbYlN1JO1b0zqcs/rTxo8FiAkLDt4GIEFXvkVi6","2016-10-08 13:06:41.000000",0,"056b0108c316297ef4bc67c6b2dec128","","","731415f6755b4afe62e0de4f3ddaf219@example.com",0,1,"2016-07-14 22:07:04.000000",2,NULL,NULL,NULL,NULL,"2016-07-14 22:08:31.000000"
159,"bcrypt$2y$13$5AGDSDKuK5YVD.9Zi.sDB.S3VwcjsxvmYhQmarcZrUXdkKUZodjTi","2016-07-18 14:15:37.000000",0,"8f8af717ec52ec7dec45e0c7f315d534","","","322970d0ea9be50cf5ff7656fd591ab1@example.com",0,1,"2016-07-16 20:54:43.000000",NULL,NULL,NULL,NULL,NULL,"2016-07-16 20:54:43.000000"
160,"bcrypt$2y$13$/2KyUNLvU1/kemfxzxjCveJrvEiPpj4o9DKQlcvhMBthmvHSvZmoK","2016-10-31 09:23:33.000000",0,"27030bc2b18b4f0e9ae0b956e1b4fa37","","","b4a9e343bfb6a27d8c569d04911518d1@example.com",0,1,"2016-07-24 15:53:33.000000",NULL,NULL,NULL,NULL,NULL,"2016-09-12 14:15:56.000000"
161,"bcrypt$2y$13$8rFq8UDNJN6xZIJdRnZ1N.iiAwwGkTNTtilZ/paMCx/f5NxUNx6ly","2016-07-30 16:52:21.000000",0,"d08b1bbdf93c9a046a9a0364dd60f389","","","71e7a0e0b3032b43800e551a1b93b080@example.com",0,1,"2016-07-24 23:37:24.000000",NULL,NULL,NULL,NULL,NULL,"2016-07-24 23:37:24.000000"
162,"bcrypt$2y$13$y2HLTlKivNrzh45cRHhSUOrKDtauk9neoWhThdmo9FLS3EtS8oFYy","2016-08-11 15:14:13.000000",0,"c8f2fe4a636020cad4beec89ad7405b3","","","513904aa2c868203047af3934c34bec4@example.com",0,1,"2016-07-26 14:14:47.000000",NULL,NULL,NULL,NULL,NULL,"2016-07-26 14:14:47.000000"
163,"bcrypt$2y$13$AZWClHzlJtxJ99NZ4TyscOMFqWH5Y7Appw1A6WMmuLiUdMKZNfejC","2016-08-02 14:11:53.000000",0,"44ee875f718dfa64e67766d76dafd0a3","","","27ec332c90eda7968fbd6a4e2117ee7b@example.com",0,1,"2016-07-27 15:43:36.000000",NULL,NULL,NULL,NULL,NULL,"2016-07-27 15:43:36.000000"
164,"bcrypt$2y$13$fdYB8NwCrN3I2.TNppSSru6OQ9ZzXU4VwI7Ipnq.pRSWhK/vAHKIq","2016-09-30 09:20:44.000000",0,"8897bf47ab1623d9732a82acc72f9db0","","","fd9c803ee4c68dc09e79859a4009c702@example.com",0,1,"2016-07-27 16:36:09.000000",NULL,NULL,NULL,NULL,NULL,"2016-09-22 15:13:01.000000"
165,"bcrypt$2y$13$Xu.uVmJyMYAJTggRhjY1gOOdTzII7UNbbdRp1SP7MS9KDmN3opNnS","2016-07-28 18:01:37.000000",0,"b046b53bac24d205f41c73adb5f46bc4","","","054b2678f73c34c26e31635919d21ce4@example.com",0,1,"2016-07-27 19:45:45.000000",NULL,NULL,NULL,NULL,NULL,"2016-07-27 19:45:45.000000"
166,"bcrypt$2y$13$ZRy6Tu9prS9Em/I4JZ7G5eKDFGtGOqjz5ec5BpHjVJn9cffowUWEa","2016-09-28 08:00:25.000000",0,"1671fecd0fed1609ec3bfec11df3bb08","","","75bc047d920fd7a10d6ef00972778c49@example.com",0,1,"2016-07-27 20:42:54.000000",NULL,NULL,NULL,NULL,NULL,"2016-07-27 20:42:54.000000"
167,"bcrypt$2y$13$qB3MnBVfpvwHgRjxYZcgNeW28r8BzKLaojbB6cgiqrjPEsQ5wrxTC","2016-12-26 10:45:26.000000",0,"36eea6848027aa00822f1d1b82109e23","","","c5c78d7a8e235a7d6f81384aa0ce8a93@example.com",0,1,"2016-07-27 21:33:23.000000",NULL,NULL,NULL,NULL,NULL,"2016-12-09 19:56:19.000000"
168,"bcrypt$2y$13$eu.O9JL1Xrl9YlVRpxvNoun87A/KRquipuea1QB6D.EacjovIva/q","2016-08-28 22:37:01.000000",0,"2126eba585ddbe83f2be0039f4bd582c","","","67b5711afb0056da0e821d7ad84afced@example.com",0,1,"2016-07-28 08:24:00.000000",NULL,NULL,NULL,NULL,NULL,"2016-07-28 08:24:00.000000"
169,"bcrypt$2y$13$bc18oAFZ0j/Dbp1Lr/LA/.bELbW5ApBaUYkosE7ayTiewSIK7Kb/K","2016-07-28 08:24:55.000000",0,"3e0b98218b38bca8c8fa189e00092946","","","ca75dad91c2cfd480f05a46a70c562e1@example.com",0,1,"2016-07-28 08:24:27.000000",NULL,NULL,NULL,NULL,NULL,"2016-07-28 08:24:27.000000"
170,"bcrypt$2y$13$V8GBmxiaEulK9yQc/nttnuy9tIkuM1KRcH6c09hLyRVj9p0/6yIwC","2016-07-28 15:42:35.000000",0,"f0af72f079310b81c88bad7fd0d2eb95","","","22ca55552679388a0761836b7a5bf212@example.com",0,1,"2016-07-28 15:25:26.000000",NULL,NULL,NULL,NULL,NULL,"2016-07-28 15:25:26.000000"
171,"bcrypt$2y$13$OBAxIqqbFct2YxGZpoa5juUyad8pMZXJsTMf7dZtyfnm2iyWP4pJ6","2016-07-28 20:52:33.000000",0,"767c179871147fd1d878fb1735c7e108","","","ffe62f23ea547a87f99e41b6a3b9f205@example.com",0,1,"2016-07-28 20:52:33.000000",NULL,NULL,NULL,NULL,NULL,"2016-07-28 20:52:33.000000"
172,"bcrypt$2y$13$sRccv5Dx5za2YYK2V8bnseoNbTE6C.i1TeQo2sa7t6sDz2MSu1Y7W","2016-07-28 21:39:44.000000",0,"a0fe81f208ab1543465a23b9ca829228","","","31230ff0466916e8fc276850b4388304@example.com",0,1,"2016-07-28 21:39:44.000000",NULL,NULL,NULL,NULL,NULL,"2016-07-28 21:39:44.000000"
173,"bcrypt$2y$13$GiMewcBbP.ZW.3lLgcXyg.rYDzoo455W9sP/tBOErR/cW2ALfgD1K","2016-12-25 23:03:55.000000",0,"ef548f39f040103d2b36cc23453ea764","","","143b18695b68b61d074c71f2b9cc6cd3@example.com",0,1,"2016-07-28 22:22:33.000000",1,NULL,NULL,NULL,NULL,"2016-07-28 22:32:52.000000"
174,"bcrypt$2y$13$JrSTA0xtUkU1uaoJragmZeolpH05Fu8a4mQ8OERjsdu89wE31xNP6","2016-07-29 08:53:02.000000",0,"2f73b42f2fdcae69a43c10dce3db6254","","","e208bdb7aac530a9acad027e3c66510a@example.com",0,1,"2016-07-29 08:42:31.000000",NULL,NULL,NULL,NULL,NULL,"2016-07-29 08:42:31.000000"
175,"bcrypt$2y$13$waCIljz9II5euyh3BTBGuub4YGwxm0k7ttfTCwGpl.yrgF1C0BOR6","2016-07-29 14:35:23.000000",0,"bd5f182c647763feef35c12704a36b8d","","","d91cc6d5a99abd22f0bd3fc4ca57d41c@example.com",0,1,"2016-07-29 14:35:22.000000",2,NULL,NULL,NULL,NULL,"2016-07-29 14:38:50.000000"
176,"bcrypt$2y$13$Ix4ACt9mJIiRcgf1PFfU..3ZhwTXfG8Q1ma4zqBGJD3/6CwmYtQYu","2016-07-30 10:06:22.000000",0,"440ee45e4499c4a87ea098129ddb8593","","","0972eff25c07b03935dc82fc8e13d6b8@example.com",0,1,"2016-07-29 19:21:44.000000",NULL,NULL,NULL,NULL,NULL,"2016-07-29 19:25:03.000000"
177,"bcrypt$2y$13$cSbGI2IT0oNgPn1SBaKEh.F8Nd1Gc9r5Di3kxkUR1VCIte9iqzx/a","2016-10-11 20:45:58.000000",0,"c5d59eb178f14cd5854dffc0511cbdd2","","","27d669ff8060feb039511aaee34eae6f@example.com",0,1,"2016-07-29 20:03:43.000000",NULL,NULL,NULL,NULL,NULL,"2016-07-29 20:03:43.000000"
178,"bcrypt$2y$13$Dyd0xKNb6SE2ytZEvxxKdeEG9LxEgGVCH7ggINzzCL3.EhHZ6Wdl2","2016-08-01 01:22:47.000000",0,"52c93ce89a19497c41464f1cf0b88132","","","2c374002e362a00357124c1019ce8356@example.com",0,1,"2016-08-01 01:22:47.000000",NULL,NULL,NULL,NULL,NULL,"2016-08-01 01:22:47.000000"
179,"bcrypt$2y$13$cjHe/3ORKfhDwtLi/v.nze7S91ukNi9aymjPPC0qCZEqYadcobffe","2016-08-02 09:14:00.000000",0,"124aded2646cece59bc54c3daa288a63","","","8e99358fa11bb7576be5a714cc2d8100@example.com",0,1,"2016-08-02 09:14:00.000000",NULL,NULL,NULL,NULL,NULL,"2016-08-02 09:14:00.000000"
180,"bcrypt$2y$13$0Fnw.d6WXETFEyINQkFzXegxD5dTXfyWi5qB7wGSYja4PKqQuJitC","2016-08-02 09:14:29.000000",0,"47d30fec8494eb9e4dccabee13c7ee65","","","1e5541b3bd76c3d9b782b5227ceee090@example.com",0,1,"2016-08-02 09:14:29.000000",NULL,NULL,NULL,NULL,NULL,"2016-08-02 09:14:29.000000"
181,"bcrypt$2y$13$oK59THIKNB.NGcdE3HHn4epCWMYVEIfGHkB9LbNGDAbwsggOMwmGC","2016-08-02 09:15:23.000000",0,"cf8bc2b70bddbb9967d18f6963223954","","","3e7f9dcad22407933f50ebed031160b9@example.com",0,1,"2016-08-02 09:15:23.000000",NULL,NULL,NULL,NULL,NULL,"2016-08-02 09:15:23.000000"
182,"bcrypt$2y$13$/0WiqsBCmLFVKu/vQgKfh.vsim72hYzADCWJ9jv4hVJsPERNtHvbm","2016-08-02 09:16:40.000000",0,"1a6eff726ef76707a6d03bffedc67709","","","f4763c02c408ec0f234a7ca13bc8aee4@example.com",0,1,"2016-08-02 09:16:40.000000",NULL,NULL,NULL,NULL,NULL,"2016-08-02 09:16:40.000000"
183,"bcrypt$2y$13$1605Ty1fOOa93IXJNPKy/.OUE8DoiibZYNHGgK5Oi5wu470heiYDe","2016-08-02 09:21:31.000000",0,"ed2658764121edb5748534869133e2d6","","","1ec690fc539548efcbba041569ef83bd@example.com",0,1,"2016-08-02 09:21:30.000000",NULL,NULL,NULL,NULL,NULL,"2016-08-02 09:21:30.000000"
185,"bcrypt$2y$13$bpaC1aI3SemrNTGkdsozueMmz4ToqUuRMQRP317L/Z0otjMY6kncq","2016-08-03 09:59:28.000000",0,"57e93f5341b5197843b68ec94e2d3946","","","3b8c922a23f28c7348a759262290baba@example.com",0,1,"2016-08-03 09:59:28.000000",NULL,NULL,NULL,NULL,NULL,"2016-08-03 09:59:28.000000"
186,"bcrypt$2y$13$LfQ3bK2D7ABr1bZAvIp/BeBdvhaa4XBAew8GCvSFK.73uATwFzRKG","2016-08-04 10:19:56.000000",0,"4fd329a7cc7e9376eb5eaa3c9cff1764","","","9438e16ebe2da81090a0e40401e7ab31@example.com",0,1,"2016-08-04 10:19:56.000000",NULL,NULL,NULL,NULL,NULL,"2016-08-04 10:19:56.000000"
187,"bcrypt$2y$13$KeGN6xMSPCjNC9EMjz4pBukRCuWioEuUh5Bu/EQszqmMN8P74ILE2","2016-08-04 18:13:28.000000",0,"05821738a46ec9a9181553bf18ed9e32","","","a6eb766fec025e21adfb581c97179d29@example.com",0,1,"2016-08-04 18:13:28.000000",NULL,NULL,NULL,NULL,NULL,"2016-08-04 18:13:28.000000"
188,"bcrypt$2y$13$9n2DnB/qPHK5/QG8jp.tGuRkYNeVYxgnTF8ATUB.KpZAS6xb.qxki","2016-09-15 14:24:21.000000",0,"3ef403839fd6a3ad0621e07a336e0960","","","908a1d4a419f9112c69859b57373f651@example.com",0,1,"2016-08-05 14:51:50.000000",NULL,NULL,NULL,NULL,NULL,"2016-08-18 08:07:49.000000"
189,"bcrypt$2y$13$fk0ezSth5Zewl7Nv.BqS9un1IjgyiJK4j4HPD5tNwvhfsIgVjdzNK","2016-12-03 20:15:56.000000",0,"2308e27ba58e9814ab759c887d82aff3","","","c756ea3abb5e0094a81e7f43f9acb69c@example.com",0,1,"2016-08-06 14:32:55.000000",NULL,NULL,NULL,NULL,NULL,"2016-08-06 14:32:55.000000"
190,"bcrypt$2y$13$7hjcaEyTpNm2JlQGUCphoOoYR.YE4L12PR/FLDjjnXJ9cPXnzWsYW","2016-08-07 10:49:43.000000",0,"bdbf0257cb091204067ff9be3567622f","","","0a8128f97bb40a8dbe1f942011442476@example.com",0,1,"2016-08-07 10:49:42.000000",NULL,NULL,NULL,NULL,NULL,"2016-08-07 10:49:42.000000"
191,"bcrypt$2y$13$bgqrApm5wMAx21CVEXwdQOOf6Ped0S/5855Oo.WnH/1brgtbl8Lqa","2016-08-08 14:39:03.000000",0,"4dc74c6d102eeed6527aa965d35adf8e","","","b87d33632181a7d3ffe97e12aac62a17@example.com",0,1,"2016-08-07 18:31:44.000000",NULL,NULL,NULL,NULL,NULL,"2016-08-07 18:31:44.000000"
192,"bcrypt$2y$13$8hcVP94Pbgv0jIsN2XgMwudKj94ytEpyUHC362L85vHK96yo5t4q2","2016-08-09 14:19:51.000000",0,"4bfed730f9a81704fdd217e9e48bea4d","","","c62cd7dd915bd92decf848ef0a67bb34@example.com",0,1,"2016-08-09 08:59:57.000000",NULL,NULL,NULL,NULL,NULL,"2016-09-19 14:41:49.000000"
193,"bcrypt$2y$13$YF9xQd93aOhH5iw2R3Ox9O3JOOFG61rSXXvT8EunBG.AZdibCfbhe","2016-10-15 10:43:23.000000",0,"35a607862ef0a1623d922951dc4455e3","","","9675e43c173d108a68430dcb13ec8bf0@example.com",0,1,"2016-08-10 08:24:56.000000",NULL,NULL,NULL,NULL,NULL,"2016-08-18 08:07:55.000000"
194,"bcrypt$2y$13$EivxWsB6wOiO8jBe9St5CeeA7WlTagUW4Q8sIScjIoN3cdHWx19pm","2016-11-22 19:56:10.000000",0,"f4eb179f16d57f9cdb0d49b210821155","","","c902f6fff438ab4cffb3769852d8a5a7@example.com",0,1,"2016-08-10 15:32:18.000000",NULL,NULL,NULL,NULL,NULL,"2016-08-10 15:32:18.000000"
195,"bcrypt$2y$13$XSK5rHTZqfx0jlFrQ/QBB.e1xbrttju7hsUufdYMOVgQ8o0mx0.HO","2016-08-11 19:59:38.000000",0,"47dc10439cc5c44e550c55a18621340e","","","144b2357d7d73d27c78765ab5e9c690a@example.com",0,1,"2016-08-11 19:59:38.000000",NULL,NULL,NULL,NULL,NULL,"2016-08-11 19:59:38.000000"
196,"bcrypt$2y$13$DTJugNSMTSnZEPpF7A5P2OBYdMBNr8SNwQpy8tU7joY3HkQjR.JWG","2016-09-30 14:04:49.000000",0,"e1d988da6c98a8db575d1a75308d00c3","","","bbf587629523d23d2a6063903b44a1cd@example.com",0,1,"2016-08-14 10:19:26.000000",NULL,NULL,NULL,NULL,NULL,"2016-08-18 08:56:24.000000"
197,"bcrypt$2y$13$MVg1aOC9gK6lfDZqfzZyqeEYfaffjma2T1ix1cTsN/lEkbriQJIhK","2016-09-15 08:14:54.000000",0,"aefce4d26494c6e355f66ea7cfbe7f97","","","daf816966965eba0695e005a6c9a6f56@example.com",0,1,"2016-08-15 09:45:55.000000",NULL,NULL,NULL,NULL,NULL,"2016-08-18 08:07:58.000000"
198,"bcrypt$2y$13$4wDyfkKMDOEf3n3Uvd6HwO5iHdMkj0OzErrfdz4LjkiIgFF1Mjb1i","2016-08-15 09:47:50.000000",0,"c827259cbdd110bef2d08f19cee179ca","","","76b625dc99ca51855498fc649f34a1e6@example.com",0,1,"2016-08-15 09:47:50.000000",NULL,NULL,NULL,NULL,NULL,"2016-08-15 09:47:50.000000"
199,"bcrypt$2y$13$pJvCp85LsfYWy85Eo5CnHOXmp0gEj9G0PH2F/s5p3qAS4KDHSjEsi","2016-12-19 10:16:33.000000",0,"f552e9366613751df2c7f6f781da1523","","","3d3b52b831e90e35801b00b14c974f1e@example.com",0,1,"2016-08-17 14:44:15.000000",1,NULL,NULL,NULL,NULL,"2016-08-18 08:07:51.000000"
200,"bcrypt$2y$13$FF9CnahbDcDfh0iYCj7EuexoWFO9OwcarCBF4am4jl5Dn6SdSi9Da","2016-11-08 12:41:53.000000",0,"626c9cf2b608930e25c623320bb27583","","","d566a363cee8e2b9a08f755dbc18aaa8@example.com",0,1,"2016-08-20 15:57:55.000000",NULL,NULL,NULL,NULL,NULL,"2016-10-04 16:49:56.000000"
201,"bcrypt$2y$13$aQeTtcY/od3.0hRQdqoVBee08LtTOUo5LG9haftbc.DlmJPdSO6uO","2016-10-25 10:34:59.000000",0,"b1a74fbe4244326072d508ec9c4471b7","","","f37695577a27fbee0bcb8c2c9c18e623@example.com",0,1,"2016-08-22 10:28:08.000000",2,NULL,NULL,NULL,NULL,"2016-08-22 10:28:08.000000"
202,"bcrypt$2y$13$cjj7zzUI/PD84DR/f4Ecg.19moY2V2XM5evNShSOJVwNhOfEx5Mma","2016-08-22 20:29:57.000000",0,"74cbccbb037fc220d79787a920cadfcb","","","c7c9fbb205dbb303c721407c0b814e40@example.com",0,1,"2016-08-22 20:29:57.000000",2,NULL,NULL,NULL,NULL,"2016-08-22 20:35:05.000000"
203,"bcrypt$2y$13$8dekt5RKrWxRvA3Wbdg80uBRd7PT/VOyvZF8hYh67FV3AoJaTzBOy","2016-10-09 20:25:34.000000",0,"ee0571abbba01aec28f292918b786a35","","","5a1a59192d1bab88e555c2b8e69db3c1@example.com",0,1,"2016-08-23 21:17:04.000000",2,NULL,NULL,NULL,NULL,"2016-08-24 14:09:37.000000"
204,"bcrypt$2y$13$4vNrGjGAQmBt9zQlNaVIGOEkLiuQBFuu97IWZBTjx7M1zL8GbQhaC","2016-09-25 22:15:52.000000",0,"a43ab214a808b2789110f8e369c7550a","","","b21b9ebb29d955a6700b4b3a42e6af5c@example.com",0,1,"2016-08-23 21:37:45.000000",NULL,NULL,NULL,NULL,NULL,"2016-08-23 21:37:45.000000"
205,"bcrypt$2y$13$ywOoOU6/mWdELcp6ViTI1.PXrDZjhXOoaH8P7B7d8oQWUdoOwpRq6","2016-08-25 09:55:15.000000",0,"b4cbb067e309b19731d3a6eea1bcb599","","","da1be1ee754f8fada5f444595f4ad13f@example.com",0,1,"2016-08-25 09:55:15.000000",1,NULL,NULL,NULL,NULL,"2016-08-25 09:55:15.000000"
206,"bcrypt$2y$13$bEjvLEZQssgCTd9IFk3uvuqw0TeOSEgLLt1xPuE9AwWRYFWcy2ZIm","2016-12-24 14:45:25.000000",0,"037a6a509c5dd323c23b578c07c37fba","","","09e7953873fc4cff1d27ab77c95c616a@example.com",0,1,"2016-08-27 06:17:35.000000",NULL,NULL,NULL,NULL,NULL,"2016-08-27 06:17:35.000000"
207,"bcrypt$2y$13$tzPxfuijmsE7pfGhp5oF9uJZ1Grzdx5EkFcW/zzX9/AbPUGNY/7aW","2016-12-24 09:58:08.000000",0,"0f2f6e237d4c35a068f374cf30b73dbe","","","a069a78d4a0b50b24b985e2b4ca4e931@example.com",0,1,"2016-08-27 06:28:24.000000",2,NULL,NULL,NULL,NULL,"2016-10-11 13:52:38.000000"
208,"bcrypt$2y$13$uQDARxzEUl1DxTadct0Oxuv7Zyhi.OmqGtHtJ59j1R9lw5oU1U6o2","2016-08-30 10:53:56.000000",0,"4e0d63edbd50fa61d5513ca4415c9d86","","","6a346cae59ef5ae9c7ceec23a5e0ea97@example.com",0,1,"2016-08-29 15:26:37.000000",NULL,NULL,NULL,NULL,NULL,"2016-08-29 15:26:37.000000"
209,"bcrypt$2y$13$EIYGtFwdUTwFypNSbfSPqerK0ePGCHv.Vno0WqrvK3G/gPhjaR9BW","2016-12-22 20:42:23.000000",0,"c481f1eb719e3605b3533cc45f79c15c","","","1c5620cf01b45e6650ea3c5e0d19f97b@example.com",0,1,"2016-08-30 10:28:39.000000",2,NULL,NULL,NULL,NULL,"2016-09-22 10:28:45.000000"
210,"bcrypt$2y$13$ZA8krncYQcoxXD7Rn0KMp.MQ0muZoyDM21fzwbKdkvC..eOcf3rtO","2016-10-06 14:34:51.000000",0,"3377ca7804a612fce0d2531321a56385","","","25f4c541eec1b1720455c7a6a63db5c2@example.com",0,1,"2016-08-30 10:28:40.000000",NULL,NULL,NULL,NULL,NULL,"2016-08-30 11:53:07.000000"
211,"bcrypt$2y$13$I6pl91g4MBvgMzmMdnuIiuet/24RI0eVeKG0cKGYnl5/MAbqASC76","2016-08-30 10:30:23.000000",0,"ad95f285f7ad84adb70945bc63441cb1","","","e2a83693b8644b6bf2b5142fdb381e93@example.com",0,1,"2016-08-30 10:30:06.000000",NULL,NULL,NULL,NULL,NULL,"2016-08-30 10:30:06.000000"
212,"bcrypt$2y$13$anZkAk0NLwY34aSYDKybouu87UrKXYQLIR1EmRIqt06PXbfNDrh6u","2016-08-30 11:18:36.000000",0,"83f610f39fe950978b95a61b5c6f6e8a","","","1f39d00c631025eeb63b915d8ad99c47@example.com",0,1,"2016-08-30 11:01:50.000000",2,NULL,NULL,NULL,NULL,"2016-08-30 11:04:27.000000"
213,"bcrypt$2y$13$pcqbkMZpzGMooH85eokObu6KkNU2/VSx1c.A18YakStixT.Gdb18W","2016-10-07 13:44:19.000000",0,"9f360db26366f79143cacebe8d93b76c","","","e2994c156766f20229290f4c5f4b3d8d@example.com",0,1,"2016-08-31 10:43:50.000000",NULL,NULL,NULL,NULL,NULL,"2016-08-31 10:43:50.000000"
214,"bcrypt$2y$13$lJ1XZOluzvWWYMDHHRbscOw4HNniSq5bdDl1TpXcPSmEKEPXl7Id.","2016-12-25 15:58:52.000000",0,"7555a15b41a3c24aef6510904fb93df1","","","86cf64e2029e8ca2003006e880fe235b@example.com",0,1,"2016-08-31 10:45:05.000000",2,NULL,NULL,NULL,NULL,"2016-10-01 15:18:37.000000"
215,"bcrypt$2y$13$5As/lFIgCfXjCisH4uk3l.eVf2WvoHKb/nuf/6PgT8lfgooHNa4U6","2016-09-04 10:36:40.000000",0,"e8d2726e1bb39f224d72dcf998632318","","","5962b0e5a83edb8d2f5865941a7e5b3e@example.com",0,1,"2016-08-31 14:31:44.000000",NULL,NULL,NULL,NULL,NULL,"2016-08-31 14:31:44.000000"
216,"bcrypt$2y$13$hrT.A9S66r/JqHA9AjNXyeuxrYB873xOlSLMMsJIVPdmhq0lV5r9O","2016-09-07 09:09:43.000000",0,"6a10335704c7b923278acc73ac104896","","","8947ac4e866b55bdf5eab646ca5af848@example.com",0,1,"2016-09-07 09:09:43.000000",NULL,NULL,NULL,NULL,NULL,"2016-09-07 09:09:43.000000"
217,"bcrypt$2y$13$sPxR4Ch90Ev9cGRLsr1r.OlsR8oWBTHlvtsTVkixpgUFNCn2XSFYu","2016-10-13 15:40:55.000000",0,"b33c41caa41e136f48d6d6b06ed822a1","","","c5e3a70005f88edf35bfb00ea8d1973b@example.com",0,1,"2016-09-09 14:30:15.000000",2,NULL,NULL,NULL,NULL,"2016-09-18 14:26:52.000000"
218,"bcrypt$2y$13$pHNsZ/Q7bwztXcue.11F5ORPq09FooYycmKoikmS0/UZUoWDKA8OK","2016-09-30 14:07:22.000000",0,"5f3cff34628f60a4a7914f9c81b852a5","","","976453a939f7f52c98b49be1c9abe7be@example.com",0,1,"2016-09-09 16:03:58.000000",NULL,NULL,NULL,NULL,NULL,"2016-09-09 16:03:58.000000"
219,"bcrypt$2y$13$tvMNbhBC9vcJKzATil7BnuFXWX7D9DjoGFpnMjJ3DjcFGh/XWk9ty","2016-09-09 21:15:13.000000",0,"cacdcf0cf37a1e41bb8562275f943fca","","","294e37d4387c3042a81812462ff65110@example.com",0,1,"2016-09-09 21:15:13.000000",NULL,NULL,NULL,NULL,NULL,"2016-09-09 21:15:13.000000"
220,"bcrypt$2y$13$DxXJeWfRKgCoc5DLEETVduqDCFI.nTyVGYa1DY15fC1BZHMChG4PO","2016-09-17 13:57:18.000000",0,"c9a40982b3e62e1b83bf2dd89dd2f2ec","","","b5bc3eed8daf26a08a78e668173203e7@example.com",0,1,"2016-09-10 14:17:32.000000",NULL,NULL,NULL,NULL,NULL,"2016-09-10 14:17:32.000000"
221,"bcrypt$2y$13$P00PVzU61ZPZn24Har3iWuTagG002deYgKyWL6pHAwlnSOnyMHkqW","2016-09-12 16:34:21.000000",0,"0786da345ef6b620e8c055249efb356b","","","286e6c412641084e8c286e680c86597b@example.com",0,1,"2016-09-11 18:41:36.000000",NULL,NULL,NULL,NULL,NULL,"2016-09-11 18:41:36.000000"
222,"bcrypt$2y$13$AWMIgYNv4YjgPQ9oweXmc.HWhqku7qRipIw3UBp9eQ0jtUL15RKfK","2016-09-12 18:18:44.000000",0,"78abe5c172467e42d1227fbb4b525bb9","","","a82c98b57de5cf9ff70475e72e6755c2@example.com",0,1,"2016-09-12 18:18:44.000000",NULL,NULL,NULL,NULL,NULL,"2016-09-12 18:18:44.000000"
223,"bcrypt$2y$13$33iC28kLIJaml9ATnVm/3OmXvH6JVS8q1SE4R3qEhYR5JA6ExkMXy","2016-10-09 15:06:46.000000",0,"7a4522b1e5c6a350802edf456f012b46","","","f9f4570504db653bb3f6c4819c704d4a@example.com",0,1,"2016-09-13 15:20:10.000000",NULL,NULL,NULL,NULL,NULL,"2016-09-13 15:20:10.000000"
224,"bcrypt$2y$13$TIrm3shxfwxWn2oyWt80BumWkpBTtXCserrkuqnbgdPzsLs..ObGC","2016-12-22 10:44:12.000000",0,"b3f3c66d17bddb3f02835c448b4a9889","","","235ab22c8787d5b1ae773798069291bd@example.com",0,1,"2016-09-13 15:30:47.000000",NULL,NULL,NULL,NULL,NULL,"2016-09-18 20:29:38.000000"
225,"bcrypt$2y$13$YpFC4C7aomwF1w9.FuwOLey2dQTGf9TS0Pk6lV1di8FcPobiOr8Z2","2016-09-25 04:23:52.000000",0,"1e32c3aa7738fa8df60758c8ff236020","","","37a093f36cf2030509b2ef9a37509386@example.com",0,1,"2016-09-14 15:43:45.000000",NULL,NULL,NULL,NULL,NULL,"2016-09-14 15:43:45.000000"
226,"bcrypt$2y$13$GXo/LkdfbxYeDjWiOQ/3Zep4Q8xy67VGMsQxo.9aXJ3OnHdH3XEfe","2016-12-26 09:40:56.000000",0,"d020fa8d10f651a0fb5de327890fdf32","","","994c135be081b6507bafd129c6d81282@example.com",0,1,"2016-09-16 10:10:17.000000",2,NULL,NULL,NULL,NULL,"2016-09-16 10:13:14.000000"
227,"bcrypt$2y$13$oxDTlIfqQSxNcCaWzusVxe4IYYIJN6pEmO7EEPei7sZN7hoXkduze","2016-09-25 10:46:01.000000",0,"bbd26ff74d6947dd681b3f6b359a2c87","","","746e188c98415eda0610340d645b57a0@example.com",0,1,"2016-09-17 15:48:32.000000",NULL,NULL,NULL,NULL,NULL,"2016-09-17 15:48:32.000000"
228,"bcrypt$2y$13$Id.L26PJxvR0iazsHlnLtuzvUQa9kwy0S.t9VKlNd9saipKL4p.Za","2016-09-18 16:03:33.000000",0,"2f2c3f82aa5bdb94893e211e259b4c6f","","","4f67ae99e295322520f73c86f411ea57@example.com",0,1,"2016-09-18 15:30:52.000000",NULL,NULL,NULL,NULL,NULL,"2016-09-18 15:30:52.000000"
229,"bcrypt$2y$13$Xdhsjzm88qd7gBrs3IU3LuGStaGCF6LLuyARhjo2hGIFkzrQEMFma","2016-12-26 06:24:51.000000",0,"b35e315b1633d746c5779ecad24fa176","","","e397649cf243986f69ce2acbae1570f4@example.com",0,1,"2016-09-18 15:57:26.000000",2,NULL,NULL,NULL,NULL,"2016-09-23 20:07:45.000000"
230,"bcrypt$2y$13$WA0I1wdYjo8W05PRTjkqhO7spkIuHSNCB/LAoU.p/M5BAInrHCG4e","2016-10-26 15:33:16.000000",0,"d52e50e649673a395997d1545018b8d8","","","bb6f4fc9a5ebe7811098b9951b1ccb53@example.com",0,1,"2016-09-19 10:01:28.000000",NULL,NULL,NULL,NULL,NULL,"2016-09-19 14:42:05.000000"
231,"bcrypt$2y$13$3ofsHLPVn.zS2P4vnnppIumgZcDj8PxuNkEBEzvZCUHTHskfUjAIW","2016-09-19 11:38:03.000000",0,"3166a22550c5aa854fdd2d43c55f2fa3","","","995acdc2cd035b208da3c442ca84ebb5@example.com",0,1,"2016-09-19 11:33:22.000000",NULL,NULL,NULL,NULL,NULL,"2016-09-19 11:33:22.000000"
232,"bcrypt$2y$13$rHV5rEjNUaLr8Uc7KB64FuJT9eqEzEjysUbN34FLlUqbxNQ7h8LO.","2016-12-01 08:55:01.000000",0,"106c0737a399576f646133cdc2095b5c","","","84a9806d86cd6ad6fd8a9b8fcfe66848@example.com",0,1,"2016-09-19 14:56:54.000000",NULL,NULL,NULL,NULL,NULL,"2016-09-28 10:27:43.000000"
233,"bcrypt$2y$13$SV99pVJ3IwX6HqvgKxVLFu5izjFGa7ZSO7Izfry1X12R9d9a5hAWG","2016-09-21 08:56:33.000000",0,"68205ff5f5e39afa0852db2213a467d6","","","f764410b220ec4ff4afc45e03d263a67@example.com",0,1,"2016-09-20 09:53:39.000000",NULL,NULL,NULL,NULL,NULL,"2016-09-20 09:53:39.000000"
234,"bcrypt$2y$13$1A/4ZCjCotMPao9yP9zLYe0pBB9rmoboU7lByUFZgDiFbKieIS0NC","2016-12-19 02:17:39.000000",0,"8df3f84c8824d3d7285544176d9cb96d","","","cee50fe0ee30b455b99b8998c1094ee1@example.com",0,1,"2016-09-20 19:45:38.000000",NULL,NULL,NULL,NULL,NULL,"2016-09-29 16:12:13.000000"
235,"bcrypt$2y$13$KENoNXTESNuwUrwk4drOluLGbYlAIIro8vSgjgkEPL3XD5e.cvd4q","2016-11-30 15:03:45.000000",0,"1452fad2de2618e2e0fbeefef267b904","","","2df64d179a41ba22456809bb5f8ab99c@example.com",0,1,"2016-09-21 15:15:51.000000",NULL,NULL,NULL,NULL,NULL,"2016-09-21 15:15:51.000000"
236,"bcrypt$2y$13$AGut5eRQ4Wa.NCPYn3Nr9uur5ODLaTYr3xwkEYO68J80AJdWJn4QC","2016-09-22 16:09:34.000000",0,"68dacc70ba30781b845c07e0284a7b8f","","","830c5b201495d048fb97a9ebec7fdf99@example.com",0,1,"2016-09-22 14:44:31.000000",NULL,NULL,NULL,NULL,NULL,"2016-09-22 14:44:31.000000"
237,"bcrypt$2y$13$N2jWaw8mmF9hyE7jVmbFO.xcYWFJBj2NAVb/0ymI6gNdK8Hv3k7MO","2016-09-26 12:45:24.000000",0,"ac2edd522068e9d0f50f3061346b22ed","","","594cbc12706ddcdca4d45d0a728e3a10@example.com",0,1,"2016-09-22 14:49:08.000000",NULL,NULL,NULL,NULL,NULL,"2016-09-22 14:49:08.000000"
238,"bcrypt$2y$13$5RrAO.H0u/hchbVnQ6RLNeMfT34cuMhRGTBXC/AiwFkFnC9kC3UZ6","2016-10-16 08:45:13.000000",0,"dc7fa71215b79f540891114354ce6b0f","","","a3ea72208b95f4a86244a083e00cc310@example.com",0,1,"2016-09-22 20:34:30.000000",NULL,NULL,NULL,NULL,NULL,"2016-09-22 20:34:30.000000"
239,"bcrypt$2y$13$5vuGPHZLQWkuvyggGRazQexcT1wHoQ2hbLItujppi/ZUzzkCEB6l2","2016-10-01 11:17:02.000000",0,"db574421ed49925d3c1839520c02d423","","","6125b5d5f24dd677ca51b29a69054163@example.com",0,1,"2016-09-23 10:18:46.000000",NULL,NULL,NULL,NULL,NULL,"2016-09-23 10:18:46.000000"
240,"bcrypt$2y$13$7YzCYfYlKvKw8jjAR75HyuZCFpeM4L55EcIwaYVCPgK3E.Q8RBhCi","2016-12-26 11:34:49.000000",0,"e849d3f8b43d55135978b886a1607eca","","","de472c702e2d98b7895b3dd26541abc9@example.com",0,1,"2016-09-23 10:53:06.000000",2,NULL,NULL,NULL,NULL,"2016-10-08 15:04:53.000000"
241,"bcrypt$2y$13$2xjULT6.VOjvsOozGhEEKOHayFHc1RosfAhmKv4fRWu6Qbvr6Eeji","2016-09-25 10:46:45.000000",0,"a535906a8aa658d2b79b5a3f9429f5fa","","","cef0bf832004f5c33de41331d7f9ba14@example.com",0,1,"2016-09-25 10:46:45.000000",NULL,NULL,NULL,NULL,NULL,"2016-09-25 10:46:45.000000"
242,"bcrypt$2y$13$FvB4Mg9Vp7al77pQ1SWiPe4OwKIPclD4iAyyrNa3liG/CvfuFns6a","2016-11-11 19:15:16.000000",0,"46e639d9f96778ee2a5833a2547d84eb","","","19f27a8b176887d854b5c3f6f7570d62@example.com",0,1,"2016-09-25 11:30:42.000000",2,NULL,NULL,NULL,NULL,"2016-09-26 14:03:00.000000"
243,"bcrypt$2y$13$YelZxt/UKHdUjIJBcYkix.6ku4QeX1BuQ0/sVb4V9Lli3H9m7Dufi","2016-10-11 08:41:29.000000",0,"5d60d1be41fc118333e7357cbdc1f924","","","56748d13339a3dd6a4efa9f96ff0753c@example.com",0,1,"2016-09-25 19:05:08.000000",NULL,NULL,NULL,NULL,NULL,"2016-10-03 14:44:47.000000"
244,"bcrypt$2y$13$nHvzIarHBsAyT/D9RUkIFOp8iKEf0b5GcoA.fYAdsPwAKrH0ZxPdK","2016-09-26 17:57:40.000000",0,"2e2915eb32d9acd6e5ed6c6313ac0329","","","3ec1271bd807204459c202a39aff58a2@example.com",0,1,"2016-09-26 17:57:39.000000",NULL,NULL,NULL,NULL,NULL,"2016-09-26 17:57:39.000000"
245,"bcrypt$2y$13$frT.GSgOmc4hYStLsMpMaOSjgw9deQm4xYKsDRTvNzwWuM/trLBgy","2016-09-27 09:05:38.000000",0,"3374f36311952ab8932be9b5d2edd7e8","","","1e9137748e337e28cc05a27ca6123f0f@example.com",0,1,"2016-09-27 09:05:38.000000",NULL,NULL,NULL,NULL,NULL,"2016-09-27 09:05:38.000000"
246,"bcrypt$2y$13$OzxMNbQIWjP8NUFU9pqL5Ov4Hd/KpMdPx4LYIutlgoJHz05O0cng.","2016-10-08 13:53:28.000000",0,"53e30aebdc22520582a48d7f57ee86da","","","0deb50f0d0c4ce57964d0f10811f4a60@example.com",0,1,"2016-09-27 09:06:15.000000",NULL,NULL,NULL,NULL,NULL,"2016-09-27 09:06:15.000000"
247,"bcrypt$2y$13$mN0t3cjZiE99mhxGUtb1.egOzWzwMSEPvTNLeSAWsMfBJcmCfBY5C","2016-09-27 13:16:40.000000",0,"54e51e1e84af60dc34bc98e97519ea40","","","64e42e93206b6cfb8b87921ac2b13daf@example.com",0,1,"2016-09-27 13:16:39.000000",NULL,NULL,NULL,NULL,NULL,"2016-09-27 13:16:39.000000"
248,"bcrypt$2y$13$G16BF4TiE5XJDWY05Kf1I.rZEMQutNBpHbnohFYwkYZ1OAQ5SMX0.","2016-10-08 19:29:13.000000",0,"9c2d602f6a2f8fd6d7de9c392657547a","","","54962404407e2fb2cfd69025811f3420@example.com",0,1,"2016-09-27 16:32:20.000000",NULL,NULL,NULL,NULL,NULL,"2016-09-27 16:32:20.000000"
249,"bcrypt$2y$13$TeWml5vvxdkfhuc6hrNleu6bUT9ouObtEXgXdVX.2Xjc83WmRIHuW","2016-09-27 19:21:35.000000",0,"1a52d0663024b8436ab8eaa8cad844e8","","","14de08c75f251895d256b8c890264d64@example.com",0,1,"2016-09-27 18:39:32.000000",NULL,NULL,NULL,NULL,NULL,"2016-09-27 18:39:32.000000"
250,"bcrypt$2y$13$M3ykE/5TU0aWFnFhEavMtuSXZDiN.T5n1hgBV1hrxB08iMSzp3gMi","2016-09-29 22:02:09.000000",0,"27b81211ce651e3801fcb67de32a9005","","","69579d6b487ddb9bae9af7ac13dd4a0c@example.com",0,1,"2016-09-29 22:02:09.000000",2,NULL,NULL,NULL,NULL,"2016-09-29 22:05:33.000000"
251,"bcrypt$2y$13$/AiAaB2lD9AB4zpL9iv6i.y5B/kdXqC47Fh8.fjzijp98yh6tGfSm","2016-10-01 15:03:03.000000",0,"c39bda594ab43a802df3753a13b15eac","","","18e376084ae5d7c2c664d54d866d6ade@example.com",0,1,"2016-10-01 15:03:03.000000",NULL,NULL,NULL,NULL,NULL,"2016-10-01 15:03:03.000000"
252,"bcrypt$2y$13$No0teRZLZlGEs7Kd3RtybOGvOUa0nqA6OKzU9YTvPy4MvB9p8oS6O","2016-10-01 15:11:28.000000",0,"2d8ce09a4d247e8e59a4f623954a9d2c","","","3871f49bcc41b85c01f4d4656a855443@example.com",0,1,"2016-10-01 15:11:28.000000",NULL,NULL,NULL,NULL,NULL,"2016-10-01 15:11:28.000000"
253,"bcrypt$2y$13$0y9NC/1818xL1ilFP/sZ2up3mUqOdv31ClH5JFLDvyjPvgvrDmPjm","2016-10-05 09:51:20.000000",0,"869a51f22d39240b57aae41c33317654","","","a0318446bdbcc8ce410812bb1f19a610@example.com",0,1,"2016-10-03 09:26:25.000000",NULL,NULL,NULL,NULL,NULL,"2016-10-03 09:26:25.000000"
254,"bcrypt$2y$13$iYtHYLGS518qXDcYEmok3e6cr/C2BhKPzQS4XSF3StBlo4sByPQWq","2016-10-31 12:23:20.000000",0,"c2a94779398a11adb724cf6d7f18c8a6","","","099f820a01d6067c36ba706a5e9c829e@example.com",0,1,"2016-10-03 14:43:29.000000",NULL,NULL,NULL,NULL,NULL,"2016-10-03 14:43:29.000000"
255,"bcrypt$2y$13$ig9N/fBmCtWbU99VUxI1uOIS0w9FoG9ZaQntrFItbXCweM7qS5jUW","2016-10-04 13:37:27.000000",0,"71db57977936a0e55e98ec99ce9cf961","","","3e5bc089bc90e28446d3235f661cca06@example.com",0,1,"2016-10-04 13:37:27.000000",NULL,NULL,NULL,NULL,NULL,"2016-10-04 13:37:27.000000"
256,"bcrypt$2y$13$KoY4raR.EtrggLW/Um8cQ.zo7JxPVJ0cMhHI3pq.4PUBfNqvakSXK","2016-10-05 18:57:44.000000",0,"4174ea7bfbf3b6aea77e034846ad0d8e","","","29272058bc65323bfe1970e0a9e98a8b@example.com",0,1,"2016-10-04 16:59:41.000000",NULL,NULL,NULL,NULL,NULL,"2016-10-04 16:59:41.000000"
257,"bcrypt$2y$13$X9JEd1UA5wF5cv.3aIabte2epaCzHYaOC.vdDPrX/c0osi2gUviAW","2016-10-04 17:03:42.000000",0,"a9fb37e378bf4b97f95f9259d2d86ee8","","","6a7133cfbd8d24bf4f959010f793a519@example.com",0,1,"2016-10-04 17:03:42.000000",NULL,NULL,NULL,NULL,NULL,"2016-10-04 17:03:42.000000"
258,"bcrypt$2y$13$r55YNv2VDm9k55GyW9/vyOw7nYm4jfOV.4124fK82is30L3XK8wpO","2016-12-12 19:24:15.000000",0,"7b297940185c5bd8516301bb04cb678f","","","4615a812df95782008fe036d96465515@example.com",0,1,"2016-10-11 08:48:50.000000",2,NULL,NULL,NULL,NULL,"2016-10-23 17:55:14.000000"
259,"bcrypt$2y$13$lhYqHgDo8t7O6PZXeBZSPuEhvkTleOhqPV0nhlEyx5E19X7GcNwby","2016-11-26 14:29:38.000000",0,"45c7c722dda610e82195131e6436757a","","","063642d9fa0d5d5352976b1b17998cc3@example.com",0,1,"2016-10-11 16:45:21.000000",NULL,NULL,NULL,NULL,NULL,"2016-10-11 16:45:21.000000"
260,"bcrypt$2y$13$sGbo5igKFtjCdV9YTHLNwert5jToDhWIaeGebwtK9NM.Dpbb5KoUC","2016-10-12 09:48:13.000000",0,"e5516fd97056ce002901e644d2c45a20","","","c005e74126fb0e6fdedcc962cef2e251@example.com",0,1,"2016-10-12 09:48:13.000000",NULL,NULL,NULL,NULL,NULL,"2016-10-12 09:48:13.000000"
261,"bcrypt$2y$13$k7zj1kN7QKZZMNoegwf7EOBfjgQXuiEIGrYXTmduBp0uFeoIWsLie","2016-11-19 09:12:04.000000",0,"8b12da08ef90cdf9cb9a541bca20bb4c","","","6096b6040167b995999c88492186941a@example.com",0,1,"2016-10-12 12:19:15.000000",NULL,NULL,NULL,NULL,NULL,"2016-10-14 20:39:09.000000"
262,"bcrypt$2y$13$9DQq9KWEaAbYGR6X2X0iHOA6lFkiECZT8NIY0EhT8/sRFOCKnoVUe","2016-11-04 14:33:56.000000",0,"1e4af25637667f44d44949c817874e9e","","","a222e9a89db2fc10970ef3ff2dbce7c1@example.com",0,1,"2016-10-12 15:36:06.000000",NULL,NULL,NULL,NULL,NULL,"2016-10-12 15:36:06.000000"
263,"bcrypt$2y$13$86FIJDbrENuulJ0lNYy2UO0cWGxcvwN71K6abI8n7HLsgC2EawStG","2016-10-14 16:13:05.000000",0,"cfb52de780bcf8f746187f64c3842dc0","","","01780226a34d2fc039fec03ede0978ad@example.com",0,1,"2016-10-13 15:54:33.000000",NULL,NULL,NULL,NULL,NULL,"2016-10-13 15:54:33.000000"
264,"bcrypt$2y$13$t3CxQyBCs49/e4/a3hfdyebpM9zFgXRFbPShIPgWxsFLgssShxjRG","2016-10-14 06:18:52.000000",0,"832be12bdd2c993072d5c65b13c99b08","","","628912492691ba1f59148722f052d172@example.com",0,1,"2016-10-14 06:18:52.000000",NULL,NULL,NULL,NULL,NULL,"2016-10-14 06:18:52.000000"
265,"bcrypt$2y$13$jDauHxn3BmDw2BRDQxLLNuvFGjxymMLiaFQvJB7Vw/Lrefs/9k81m","2016-12-06 14:18:03.000000",0,"7b3ba1baa6c10ab46b62a536154c1266","","","6aef8ba740cb5d1af20c79e4bed59e3b@example.com",0,1,"2016-10-14 18:17:20.000000",NULL,NULL,NULL,NULL,NULL,"2016-10-14 18:17:20.000000"
266,"bcrypt$2y$13$81pEMUHorNE1njirRQiWiO4bBf.w10HFqxewfafBhxegsxKW8M4ju","2016-10-14 20:22:54.000000",0,"fdeb582d018f59866b8ecd747915614f","","","b1e1934b00cb657ab119637cad8b4ae6@example.com",0,1,"2016-10-14 20:22:54.000000",NULL,NULL,NULL,NULL,NULL,"2016-10-14 20:22:54.000000"
267,"bcrypt$2y$13$Ncv6DtLfm8ovt9H2KA1gP.DTabyQH/Fwt3e4nwDe4g12AUeHPgqtG","2016-11-16 05:20:06.000000",0,"122a648a843362e544787d88d7ab70c8","","","b30a545c2edd2a983dd6bf6156d5f9d1@example.com",0,1,"2016-10-16 09:28:43.000000",NULL,NULL,NULL,NULL,NULL,"2016-10-16 09:28:43.000000"
268,"bcrypt$2y$13$jCMlz3LbLEJbF7uaFc6UXOOdSWFrr37K7y9FEViK1wERAcRGmasR.","2016-10-16 16:29:28.000000",0,"de93b96e646b95d0738b07a8e0f96548","","","29dfb146cc96753b2051a7940638fc98@example.com",0,1,"2016-10-16 16:29:28.000000",NULL,NULL,NULL,NULL,NULL,"2016-10-16 16:29:28.000000"
269,"bcrypt$2y$13$AawT5/7vP56NpnjlelDYD.RP0FGARBy1qpiwnts3F9ZPFkyZ0UqeS","2016-10-18 22:33:25.000000",0,"e7c66d407d61c96a37914eb7a2979934","","","1dc10c09c77ceaafd3f9272a3560288c@example.com",0,1,"2016-10-16 16:39:29.000000",NULL,NULL,NULL,NULL,NULL,"2016-10-16 16:39:29.000000"
270,"bcrypt$2y$13$vl75FNQQVFZ1T247GpmLzuwm6O49TTAtm1OT635K2CfC5//731F8K","2016-11-11 09:59:46.000000",0,"f7b09524ee3cb14ee1fd591096cf4af5","","","009527297e7ce5ffd26ca496890e813c@example.com",0,1,"2016-10-16 16:40:24.000000",NULL,NULL,NULL,NULL,NULL,"2016-10-16 16:40:24.000000"
271,"bcrypt$2y$13$EVbKKCgEeZyemEBmW5Qp8OTW4rmNSQf8nuMEpgFyIdNNzGg28Xukm","2016-10-17 09:17:55.000000",0,"f291a5a71de64223cdf682705c4330be","","","e7dda00bac2ddbeb5f26cb3eb24ceb14@example.com",0,1,"2016-10-17 09:17:55.000000",NULL,NULL,NULL,NULL,NULL,"2016-10-17 09:17:55.000000"
272,"bcrypt$2y$13$ilupsLZZFnmtmvF71AhGGOBQ8dqOFajYemlu3V9qVdct6hNMlMLp6","2016-10-31 09:52:54.000000",0,"d10edd9472e2900e737e3e282d3d74e1","","","96cb7bc70255bc639847133dd31c1311@example.com",0,1,"2016-10-18 10:22:40.000000",NULL,NULL,NULL,NULL,NULL,"2016-10-18 10:22:40.000000"
273,"bcrypt$2y$13$nru8.NcxpeAT5Y5.uogKh.RKEPUa.S1lGDrNi4CK5Tfk8G2uxOBRi","2016-11-24 11:04:55.000000",0,"b2248b8d2152abe3c7195f202b91c293","","","adf67f7be364939d8ecb02b5b9a3bffb@example.com",0,1,"2016-10-18 14:39:58.000000",NULL,NULL,NULL,NULL,NULL,"2016-10-18 14:39:58.000000"
274,"bcrypt$2y$13$74UMLaNm511qTsoschLqlOvke9T70wA6uko2YXQwZZ6Jha/k5z31e","2016-10-18 17:33:45.000000",0,"b18aa24e8990e04d32ec2cad211afb5a","","","dfdfc735d126ea44bb414347ffcc3436@example.com",0,1,"2016-10-18 14:51:15.000000",NULL,NULL,NULL,NULL,NULL,"2016-10-18 14:51:15.000000"
275,"bcrypt$2y$13$aLFfYAEMFsEgYTLyylmfC.hMHR3a58Tkogn8qTvoQnF2fqlZTC8RO","2016-11-27 09:12:53.000000",0,"aac572b6136a7719adcc241b0f59c69d","","","48934f255ce3732ad34f4449ebf69be6@example.com",0,1,"2016-10-20 14:33:29.000000",NULL,NULL,NULL,NULL,NULL,"2016-10-20 14:33:29.000000"
276,"bcrypt$2y$13$vYS.VrwKXT20kA6r/1Ilj.sIcSXY/Zwow5F4Nf8RljdO0o3Lr8Tr6","2016-10-21 10:28:42.000000",0,"47506c40c6ce143e0129e84bb9fa03c2","","","4fbffaf06aeb478ec1cf168466e32f06@example.com",0,1,"2016-10-21 10:28:42.000000",NULL,NULL,NULL,NULL,NULL,"2016-10-21 10:28:42.000000"
277,"bcrypt$2y$13$gofrmGQU4hKl1InZexGnKeeCAst8oQS8q7ttPWryPeTmM3ZzMayyS","2016-11-02 22:02:55.000000",0,"d31a8572abc3ea731f6ce1642413adce","","","16b1dd0376c2e6169533bbe7da8f2add@example.com",0,1,"2016-10-22 16:47:28.000000",NULL,NULL,NULL,NULL,NULL,"2016-10-22 16:47:28.000000"
278,"bcrypt$2y$13$TWj.NSegWVnmSSMFNw.GueI6f2zGKSorLLnKcvCz2Qf60YbAg8qcm","2016-10-24 14:34:01.000000",0,"4769c79e11fed24fa06e6e859c7173cf","","","7e2ae8e0a31bad6473920bccfbd53187@example.com",0,1,"2016-10-24 14:34:01.000000",NULL,NULL,NULL,NULL,NULL,"2016-10-24 14:34:01.000000"
279,"bcrypt$2y$13$qUsMMcVfXPRtZK4FUBkD7.YfI24iOJ8GqtkIkbugczzyiiaE7rNha","2016-11-25 15:37:33.000000",0,"99ad87e71f66c020e92b64813de18040","","","138bde7ea42693215c81eeb5bc8b6f6c@example.com",0,1,"2016-10-24 19:33:13.000000",NULL,NULL,NULL,NULL,NULL,"2016-10-24 19:33:13.000000"
280,"bcrypt$2y$13$rFJ/dMEGyKBEwRYFebFFoOeY6KmF3TcEvtHhEYZBmLyBVvubBrc06","2016-11-11 16:53:27.000000",0,"e0ea7a79ef79d1f7999592296b861a68","","","50d622eb32ac08af2b1bb6645c329b0a@example.com",0,1,"2016-10-25 09:31:33.000000",NULL,NULL,NULL,NULL,NULL,"2016-10-25 09:31:33.000000"
281,"bcrypt$2y$13$MAcBKT.XgKBtBxPbPS/w/uHaNzgHXEa0kIBtkbevq/k/I56/NRf9q","2016-11-03 12:12:30.000000",0,"78fd6e0f1945f9d373c2c39f6f5d183b","","","8f0cb72e30de52f3ce0a7eabb802e57e@example.com",0,1,"2016-10-25 10:37:16.000000",NULL,NULL,NULL,NULL,NULL,"2016-10-25 10:37:16.000000"
282,"bcrypt$2y$13$KVNJvQaFeGUTz5eWsRLsHeFhbDoUj1DRAKAkN59b9IYxyEF8uN1Ke","2016-12-20 15:06:32.000000",0,"ca99da4ed6a7d41d088d5ad33fbb1729","","","e88fbdefe4f218df2463bbc78f89d60f@example.com",0,1,"2016-10-25 10:44:35.000000",2,NULL,NULL,NULL,NULL,"2016-11-02 09:20:07.000000"
283,"bcrypt$2y$13$buuGcqiz0oEQVTQZAR.obuzV6GGWcUItB9C/eZ8AtxUIzoXWvHUyi","2016-12-04 19:28:59.000000",0,"8bfeddbc2ab2219c5c5cbb7e11c24a02","","","277f761df9b47c40f7a05cb289c803d2@example.com",0,1,"2016-10-25 14:25:34.000000",2,NULL,NULL,NULL,NULL,"2016-11-26 21:37:35.000000"
284,"bcrypt$2y$13$MLHDDCsR6FJPfBZzjFdYzuwk924pOMgNEFyVe9r9jokLXLV6E7quq","2016-12-04 13:52:59.000000",0,"062c0bbc28e3b8917c25e064f43843a7","","","f09d078f645aed87e7e59d637854d9e0@example.com",0,1,"2016-10-25 15:04:35.000000",NULL,NULL,NULL,NULL,NULL,"2016-10-25 15:04:35.000000"
285,"bcrypt$2y$13$x6kFoicRIxIVVO8kExTRb.WC0OOAIgNDncBgspiGTGcm2/dhZ2BTq","2016-12-16 17:19:39.000000",0,"8e04f7e7bab3c3ab4e74b5de5e2a0f6e","","","129591b30a242983e47e06f72b475e80@example.com",0,1,"2016-10-25 18:34:23.000000",NULL,NULL,NULL,NULL,NULL,"2016-10-25 18:34:23.000000"
286,"bcrypt$2y$13$tBN8UcdakUMcWCSNonF/lOeowKJ9G7PZMGi3QpLJnFQGq3a6.OQOO","2016-10-26 21:48:52.000000",0,"20f623004629d79316a3d5f2c1630121","","","7c9845dc999b37d270037a4e93420250@example.com",0,1,"2016-10-25 22:11:24.000000",NULL,NULL,NULL,NULL,NULL,"2016-10-25 22:11:24.000000"
287,"bcrypt$2y$13$2uGm5Rd/DmCqDjUVNu5FfOsck4xnyNSTLsRZWG08ZVoRDJzFhFXRe","2016-12-13 10:19:46.000000",0,"7d8fbf97b8a701fc02a85c99018c9fe6","","","b2c2058cc42fc1b5ea2840b582e27952@example.com",0,1,"2016-10-26 11:47:27.000000",NULL,NULL,NULL,NULL,NULL,"2016-10-26 11:47:27.000000"
288,"bcrypt$2y$13$QF6IGKtEUrehPQ79NmP76O0yku/NDIj0l2DNhqmaiSm6cISU0IWhW","2016-11-23 13:40:59.000000",0,"bb352623992fbb3d4a73b222803faa25","","","c8b0791890fcac8556f97e0eb846064a@example.com",0,1,"2016-10-26 12:30:56.000000",NULL,NULL,NULL,NULL,NULL,"2016-10-26 12:30:56.000000"
289,"bcrypt$2y$13$OPnZSc8OLWca9TpRi02HNOtX41zbSp6urzRtraz2QphGsDVRdHGcq","2016-10-30 20:48:42.000000",0,"1d0847aaa8e815673031ef20cfd0fe81","","","44a6ba4fb48a21cd8df10babf7d2f14c@example.com",0,1,"2016-10-26 18:59:25.000000",2,NULL,NULL,NULL,NULL,"2016-10-26 19:02:01.000000"
290,"bcrypt$2y$13$xf9Q5I4HbC3WS5N7tMkrfeKRvn8FCmErif52V7jBCWeN8vqcIz6ZW","2016-11-20 11:23:50.000000",0,"49c0147b140cc5ff8c85e49b40e9a79e","","","1934f7cbebf25c68bba1963f332f0ea2@example.com",0,1,"2016-10-27 14:49:44.000000",NULL,NULL,NULL,NULL,NULL,"2016-10-27 14:49:44.000000"
291,"bcrypt$2y$13$emZYV5SN3ZpECAViyJmM3eZZ7G5qd7CE4aSbg7V2fzgYoz6yR5o9a","2016-10-29 16:59:51.000000",0,"298d0a1d9068182914157b1099e1412f","","","c5f8060bb7e84cc3eff8461663f55a02@example.com",0,1,"2016-10-27 15:31:46.000000",NULL,NULL,NULL,NULL,NULL,"2016-10-27 15:31:46.000000"
292,"bcrypt$2y$13$LIZ2Q3gRVEOgA6bn7T53B.9Lpqm/ZrSyvR95HrcYiviezX0QzSu.2","2016-10-27 20:04:21.000000",0,"0173bd4296ba8d9fd15e91db3e918049","","","a279833df98d12dd9393a7661ba1ed29@example.com",0,1,"2016-10-27 20:04:21.000000",NULL,NULL,NULL,NULL,NULL,"2016-10-27 20:04:21.000000"
293,"bcrypt$2y$13$RV/yNLQzlAS/M3gPf0rMbe2BC/9mQMDV10IaDK7zHFs6xJTOp9MwG","2016-10-27 20:04:26.000000",0,"14137f2d8d770a51954bba830807d92d","","","161522e9f6422e94ed1d9c77f3602b62@example.com",0,1,"2016-10-27 20:04:26.000000",NULL,NULL,NULL,NULL,NULL,"2016-10-27 20:04:26.000000"
294,"bcrypt$2y$13$fR5kt0eQ34abyzW0pHtyoO/4XZJz.9Gw/YiHIz1N6YezcooWHdXdK","2016-12-08 22:14:59.000000",0,"675b0f4d78c7ce59fb8f6e58001101d8","","","021b31552b11130e8b5015212497e672@example.com",0,1,"2016-10-28 09:04:31.000000",NULL,NULL,NULL,NULL,NULL,"2016-10-28 09:04:31.000000"
295,"bcrypt$2y$13$4J1LFMxPWqs7FvsR81SnOeCqTf5MFLLm1hjtiB72y4OqNnuIzsSfq","2016-11-05 13:44:09.000000",0,"afcf41ed1d94308d2ec8280bf4cc447a","","","939eee3a517f97681517e7fdc745ee6b@example.com",0,1,"2016-10-29 08:36:13.000000",NULL,NULL,NULL,NULL,NULL,"2016-10-29 08:36:13.000000"
296,"bcrypt$2y$13$SK9n88M2eOu1VBLcbPLUcOz64fHU.yxVp.viy1lI4fO8V5PQ.4ZDq","2016-11-21 12:00:08.000000",0,"1b428e08dee42a53bdceda6c688a9666","","","bc4b3277f6a589104a1a474ff859026e@example.com",0,1,"2016-10-31 12:38:20.000000",2,NULL,NULL,NULL,NULL,"2016-11-10 12:39:29.000000"
297,"bcrypt$2y$13$4bTHDnCfo1Ug4AZkUe0XduXHDAOQLwZ0Prk2xkiwT0cmDUzv9yfvO","2016-12-04 21:07:35.000000",0,"ddc1705f573786b26c1551b3941012f8","","","3838b2d3b93e3f783ea545261e5b1572@example.com",0,1,"2016-11-02 12:42:47.000000",NULL,NULL,NULL,NULL,NULL,"2016-11-02 12:58:27.000000"
298,"bcrypt$2y$13$FmELXzv2xvv0BiZiLnSgOeFOqt9jwEe8Hi8URccSivg2QAMY94z6i","2016-12-10 10:25:17.000000",0,"748e9cd55c81cd34eddfe2ca344709c6","","","fd8c5ff87616fe1279331cd10b513997@example.com",0,1,"2016-11-03 18:21:21.000000",2,NULL,NULL,NULL,NULL,"2016-11-03 18:23:42.000000"
299,"bcrypt$2y$13$Arvz/NZbymNsIYBIVIlT5eNSiPKel2c/r5m.Mtsce1gVzkWL/q0ge","2016-11-04 18:15:20.000000",0,"31fdc0b131385c6293c5d8235236e0ab","","","f79c198a99c7c4d1501124074244046f@example.com",0,1,"2016-11-04 18:15:20.000000",NULL,NULL,NULL,NULL,NULL,"2016-11-04 18:15:20.000000"
300,"bcrypt$2y$13$iTRCifEID9tBW9xd17O0f.71I6eqyOCCBivTParbgo7LpMgGuBx7S","2016-12-22 22:23:49.000000",0,"207adcfa3477a01ad36158fbc07c796b","","","9e3a632bba276b46eae347db27437a3e@example.com",0,1,"2016-11-06 09:44:52.000000",NULL,NULL,NULL,NULL,NULL,"2016-11-06 09:44:52.000000"
301,"bcrypt$2y$13$30bb4YtDfDz8Ow2VH/6cp.E7hZvgUlPluiJQJS.p0dsIt5p2BDGuq","2016-11-06 15:29:59.000000",0,"6b094cc71f2e55a748a3dfc63da6416b","","","f70a9fa1da7b07a18849235afa1538ec@example.com",0,1,"2016-11-06 14:38:52.000000",NULL,NULL,NULL,NULL,NULL,"2016-11-06 14:38:52.000000"
302,"bcrypt$2y$13$zy1.8tHOSzrja.imaEvheugEXp3htjCnt3CN/mIcX3sPZi9xFJkK.","2016-11-08 11:04:48.000000",0,"8b386e3c5b63e9c47539b282cb69116c","","","2e75fe7394b63717c17a624def40bc13@example.com",0,1,"2016-11-08 11:04:48.000000",NULL,NULL,NULL,NULL,NULL,"2016-11-08 11:04:48.000000"
303,"bcrypt$2y$13$jqhVtPA0XTWHag6xkyNHauB.0Jg/vG/gJbiIFx7VLbyXLFu01hLHS","2016-11-22 22:46:55.000000",0,"48e0409bb2eb5d9de0de9ed3c79efe1e","","","f5c03bf142443f468a26a70df31aa8d0@example.com",0,1,"2016-11-08 21:32:12.000000",NULL,NULL,NULL,NULL,NULL,"2016-11-17 22:01:02.000000"
304,"bcrypt$2y$13$0.XLk5D9/qH/PNPluzYIwOKADxk7e6O84iGotrMCb.hfhLTFgzGoW","2016-11-11 10:02:55.000000",0,"b495c27bbc97f8b3dd8518547639cc8f","","","a4a310f1194d775640bf3d6529196797@example.com",0,1,"2016-11-11 10:02:55.000000",NULL,NULL,NULL,NULL,NULL,"2016-11-11 10:02:55.000000"
305,"bcrypt$2y$13$2J/vZxFX5n.OWr0mlQD2p.wBVXMNScgTb30z6fWiCwwgpMGuJGhV.","2016-11-17 09:35:10.000000",0,"07c0e35a00d31ab465cf5c0200fe4586","","","102c2f6cb12f9ac2492d2b2adac978eb@example.com",0,1,"2016-11-17 09:35:10.000000",NULL,NULL,NULL,NULL,NULL,"2016-11-17 09:35:10.000000"
306,"bcrypt$2y$13$MEdo4nfK0pBTUY.475qw.O2Yvad.zX4IqX3Sg.ME0B7Me0PZbgPbO","2016-12-24 10:03:50.000000",0,"06fe776aa1dcd95b268eb24caf6272c3","","","fb6c24e4cca5cfb99e32c5b100d67e57@example.com",0,1,"2016-11-19 10:04:23.000000",NULL,NULL,NULL,NULL,NULL,"2016-11-19 10:04:23.000000"
307,"bcrypt$2y$13$kUscYlSAnhuPdkEvpq1Z9en7ioIWXIqTLsylsm3H9R.ihBepjR1Ra","2016-12-19 15:35:06.000000",0,"fecb396acc568f19e16e2f6058cf4aa4","","","01aade44e10f198e3ce86061f171f496@example.com",0,1,"2016-11-19 10:32:18.000000",NULL,NULL,NULL,NULL,NULL,"2016-11-20 15:49:16.000000"
308,"bcrypt$2y$13$/XBQEtLYce15x5u4wmpXKeNy.9cNsguN/MevjCy3UhSu/n3l7Dif6","2016-12-05 17:25:01.000000",0,"65b9afb5a4f8fdf466415a8058630c97","","","5162b624f047e26a8594ccb018fd64a2@example.com",0,1,"2016-11-20 09:43:32.000000",NULL,NULL,NULL,NULL,NULL,"2016-11-20 09:43:32.000000"
309,"bcrypt$2y$13$i8qzahROFY2hYQANCH6nPOfcKi9W.MmPEnKAFDx9jNnQM5TehNgcS","2016-11-20 09:48:00.000000",0,"e36dc0c9a370b99801bfe93756c2fae5","","","70065b48e0990c542b7dd5c37ae7ede8@example.com",0,1,"2016-11-20 09:48:00.000000",1,NULL,NULL,NULL,NULL,"2016-11-20 09:51:49.000000"
310,"bcrypt$2y$13$xnK1CpmF8DPIWhgvejHDPew1RTlj0B2g0g1cIzsmxEGsB33NRFDQu","2016-11-30 16:03:53.000000",0,"5d27b1c1f1f246de075469bd34447e25","","","3f90374e333c11131610a41fca356814@example.com",0,1,"2016-11-20 23:36:13.000000",NULL,NULL,NULL,NULL,NULL,"2016-11-20 23:36:13.000000"
311,"bcrypt$2y$13$JZbqnAxrj8Zzn/P9VGe8auQFgVCLWbhzwiqFqyIo/YXF2M8cL7QUe","2016-11-21 08:41:46.000000",0,"8260e1a6ca8f3bc847caa5cfd5309544","","","dbf3593333f8a9de6820125cacf3f477@example.com",0,1,"2016-11-21 08:41:46.000000",NULL,NULL,NULL,NULL,NULL,"2016-11-21 08:41:46.000000"
312,"bcrypt$2y$13$.y9Fg0YmZraQummXunj90.uQ24CEv1/XDs2.v6XUKus2DmfcXMerS","2016-12-03 10:42:40.000000",0,"20e333a6c84bb8428da79ba88d136567","","","35f3dcce4174bacf14366f568c91047f@example.com",0,1,"2016-11-21 08:52:03.000000",2,NULL,NULL,NULL,NULL,"2016-11-30 13:37:24.000000"
313,"bcrypt$2y$13$yIgGi0vdCyamXLU4N67SluwhunQBXPPWPa80V5jpuOBfqXYRRRUxa","2016-11-21 08:56:08.000000",0,"e69af8ad9e8e9762493605741c33f6ec","","","59f0930c6ca03bb34904f7c5b6251cfd@example.com",0,1,"2016-11-21 08:56:08.000000",NULL,NULL,NULL,NULL,NULL,"2016-11-21 08:56:08.000000"
314,"bcrypt$2y$13$DRTooATAgt8GnlCUOiY6Q.FI8005rHO9c9DflYVOYyciasTOc5Wji","2016-12-02 12:56:57.000000",0,"be8085937ef8606a087bcf5f08ff14ac","","","3d9024ab05d7061b5eb6a0d38f30e202@example.com",0,1,"2016-11-21 10:48:08.000000",NULL,NULL,NULL,NULL,NULL,"2016-11-21 10:48:08.000000"
315,"bcrypt$2y$13$yH28EjLy7erEyvGa3dQswOe.xAygpDfqoLWaB66J.a1z81jw7qNwC","2016-11-21 17:35:02.000000",0,"99e055d116162f6988349462283d25d0","","","553d3b31474dcc15546190b063772f8a@example.com",0,1,"2016-11-21 13:51:28.000000",NULL,NULL,NULL,NULL,NULL,"2016-11-21 13:51:28.000000"
316,"bcrypt$2y$13$hk22QEIrdMw3t4qtyy6UjeN0ZazgYeVf6aEYBbw38DjNmf6W1WPqG","2016-11-22 14:12:31.000000",0,"2a88e7230d8abcbbd94c7d273c1a1ed9","","","86181aae5c167876b5c88f7e92abfcff@example.com",0,1,"2016-11-22 14:12:31.000000",NULL,NULL,NULL,NULL,NULL,"2016-11-22 14:12:31.000000"
317,"bcrypt$2y$13$lSuX2/G3pyuF38KKXo.NL.tPXROQr8TBbir00.mCgsA8j3IwMeIw6","2016-12-09 08:57:43.000000",0,"05c6a0bab2057cdc301569450abe5a2f","","","18dabb28009b112b3c7d98f7a809bf7f@example.com",0,1,"2016-11-22 16:05:20.000000",2,NULL,NULL,NULL,NULL,"2016-11-22 16:07:18.000000"
318,"bcrypt$2y$13$vqFDidrZxykxKqjPBxDWQucjgoFKYUZHKxmtDblilu9Vm1MVOP1qu","2016-12-05 17:54:40.000000",0,"5a237c2eac1362bd0a9296985e7cd583","","","8a023a7fca276cc5104f8d2283c282a0@example.com",0,1,"2016-11-22 21:07:48.000000",NULL,NULL,NULL,NULL,NULL,"2016-11-22 21:07:48.000000"
319,"bcrypt$2y$13$dupIZPOZ5HplTSte2YpDieFhK2FzG9vy6mSus8prk7MAmbYH8d94C","2016-11-24 16:42:40.000000",0,"fe2a55068aa98ba0de82fd6931739a6a","","","fbbd0ae54c7182c618d9cf4f233dd8da@example.com",0,1,"2016-11-23 18:01:27.000000",NULL,NULL,NULL,NULL,NULL,"2016-11-23 18:01:27.000000"
320,"bcrypt$2y$13$Vl.aeCRHjSPLYAKLPyYGHeE1KDPpOjdf8/pekcmhcPId50i3StB6W","2016-12-12 16:27:39.000000",0,"a76dc4ac0400aaaf0d9591e6a796d518","","","8e1b47018963c25bfb58b49e8fd879d8@example.com",0,1,"2016-11-23 18:02:10.000000",2,NULL,NULL,NULL,NULL,"2016-11-23 18:03:24.000000"
321,"bcrypt$2y$13$5VpH/uovTS30IOIOpbfIouY5zpaE3KT.cum1Tip4gST5I45nlkylO","2016-12-04 10:45:56.000000",0,"e992e82b45a652b69852eb61d943f8cb","","","afc7c65ece5f463ef398084587572d41@example.com",0,1,"2016-11-24 11:19:47.000000",2,NULL,NULL,NULL,NULL,"2016-11-24 11:19:47.000000"
322,"bcrypt$2y$13$GuuSvLGZlrR4T10EUxIuVu3gVyXrpssrAVMssN85Ixj0GueH7XwcK","2016-11-29 16:27:24.000000",0,"742a6e514d494326a923b46ed7c6a351","","","1b1995d735662970491174571c8e5c21@example.com",0,1,"2016-11-26 14:38:15.000000",NULL,NULL,NULL,NULL,NULL,"2016-11-26 14:38:15.000000"
323,"bcrypt$2y$13$NprcewrpAYGdwH4LsTKL9eyt3G7on2tn1UtboF9ayoQVom4e54WLi","2016-12-26 06:22:30.000000",0,"8b12e20fb4a45451d388d4791debf024","","","3dccc952c0d9a58803ee9ea50c617d73@example.com",0,1,"2016-11-26 14:42:24.000000",2,NULL,NULL,NULL,NULL,"2016-11-28 13:24:11.000000"
324,"bcrypt$2y$13$eqIhbuuWPR9qDLuHpa3umebKXEjHIqk.7g5aWYofArwxb1WnoiJGa","2016-12-25 11:47:13.000000",0,"11b1371415722aa55fd379c8f47dadec","","","c6e569c721c6580ad41e20dfbe5e4c85@example.com",0,1,"2016-11-26 15:00:27.000000",NULL,NULL,NULL,NULL,NULL,"2016-11-26 15:00:27.000000"
325,"bcrypt$2y$13$0ykAWQhlbTWDD0uzdim7KusW341j6MDOnhagFyK1ukGOrqhyoMyGC","2016-12-10 22:39:55.000000",0,"5eb96a3b48dbb191a8c948f1e092fa29","","","6a615b07841745818ef9b484a5d8fcdf@example.com",0,1,"2016-11-26 21:42:44.000000",1,NULL,NULL,NULL,NULL,"2016-11-28 13:49:02.000000"
326,"bcrypt$2y$13$EcllxLH4TkVwuzoLiW4hBef8.Mxj2d9USzpWOJAiOUbB8/L52XokG","2016-12-26 10:50:36.000000",0,"da4196088ea695b56f9be5da957b241d","","","770fa71d2d20aef9b012f064b42bc545@example.com",0,1,"2016-11-27 15:52:06.000000",NULL,NULL,NULL,NULL,NULL,"2016-11-27 15:52:06.000000"
327,"bcrypt$2y$13$fv7.N8ndfjLD0cxIL4zGQupCogQU4qEaZxF5dUVzdYK69mnNLQkhW","2016-12-01 19:37:44.000000",0,"7d8611d6fff212f75b94531c7d154dfb","","","6f3ae0cab95d2c32ef92425514ed8634@example.com",0,1,"2016-11-29 12:03:48.000000",NULL,NULL,NULL,NULL,NULL,"2016-11-29 12:03:48.000000"
328,"bcrypt$2y$13$wQKKIXWjIe8I.Ymo60tUIOt6alXEnwem6N9uHE7p.BOTPipXkcy0y","2016-12-19 16:46:03.000000",0,"02033fe7bb3d2bf473959022167f0a6b","","","aaa2f76d8a04a002aa8082a8c54be821@example.com",0,1,"2016-11-29 13:13:02.000000",NULL,NULL,NULL,NULL,NULL,"2016-11-29 13:13:02.000000"
329,"bcrypt$2y$13$vqYJMbrJNSm8KfjZ7kZzQuVhAZYEv0MKOu7niijbtWclcEqP3NzS6","2016-12-02 21:00:55.000000",0,"3d561fc7f97282e3fe52c26ba0dee308","","","9269fc02c8e8753d785094d217882dd8@example.com",0,1,"2016-11-29 21:03:00.000000",NULL,NULL,NULL,NULL,NULL,"2016-11-29 21:03:00.000000"
330,"bcrypt$2y$13$39AR6yfrMLrLk6OvM8nQCuN6mbYe4jeLmU8R2j49/wRGR1fLVoSvm","2016-11-30 15:00:42.000000",0,"d1a419af99ef87746820ad5a0f3fee3f","","","8e901da6f05b725cffaf03a303e50c1b@example.com",0,1,"2016-11-30 15:00:42.000000",NULL,NULL,NULL,NULL,NULL,"2016-11-30 15:00:42.000000"
331,"bcrypt$2y$13$pbbwxLIxBW6V5vL/HPkcluuxdeCRObr909P3qSrfpxLYBnBQlzxqG","2016-12-02 13:48:08.000000",0,"63d36bdea544be5b297fab2dc7bb1392","","","ae1fce6c048052f02c08dd55a032a588@example.com",0,1,"2016-11-30 16:13:28.000000",2,NULL,NULL,NULL,NULL,"2016-12-01 13:32:35.000000"
332,"bcrypt$2y$13$C369/kyS9OULRDnpAes.TuOZWZXNyE3jqObpopv0EwxqFIRTTv/16","2016-12-16 23:17:13.000000",0,"dd10fc14390e166eeb0e3c8923c70878","","","d568cd58dcb5f12dd65367509cd6d11e@example.com",0,1,"2016-12-01 19:19:12.000000",NULL,NULL,NULL,NULL,NULL,"2016-12-01 19:19:12.000000"
333,"bcrypt$2y$13$1bqoQ2utH0iW2SkZGh7RseWBudUALHNGAsJJ.PJM8s9lI43FbLxc2","2016-12-03 14:50:53.000000",0,"6b443f5ba71b21724c30b988a46ef9f4","","","20419f5a4424287f8b69d1e3f0dd50c3@example.com",0,1,"2016-12-03 14:20:06.000000",NULL,NULL,NULL,NULL,NULL,"2016-12-03 14:20:06.000000"
334,"bcrypt$2y$13$.gXSeKIo.H2VI1JrP5O8W.MAbSWVkcPb2/EeEoabk7toBYK5oKUT.","2016-12-03 23:00:20.000000",0,"e4a17f2066c1fe8c655eecff26a6862f","","","f8f370e72caff3c1051434bada0aca00@example.com",0,1,"2016-12-03 23:00:20.000000",NULL,NULL,NULL,NULL,NULL,"2016-12-03 23:00:20.000000"
335,"bcrypt$2y$13$.pEZrL1/iIUK1GT0NoWk/.aSbCfgM8qcGnYUG.ogVeRS6LQtq88HO","2016-12-03 23:16:49.000000",0,"82230c43ed4e9296efe3d67f3862a64b","","","76da14dc2f6022d771851fe401464ba9@example.com",0,1,"2016-12-03 23:16:49.000000",NULL,NULL,NULL,NULL,NULL,"2016-12-03 23:16:49.000000"
336,"bcrypt$2y$13$09Rgx53tD7QPWav2.sCSLusXjFQx08rCjdStwhJgGjFlsE2/3Yywu","2016-12-04 15:50:02.000000",0,"ea90c216487f22f06bb11847febc2f49","","","ae3bab13b40a548a4fe4f82fb2ce4dab@example.com",0,1,"2016-12-04 15:50:02.000000",NULL,NULL,NULL,NULL,NULL,"2016-12-04 15:50:02.000000"
337,"bcrypt$2y$13$urLOSaRm2LwSnlLPv5DbAu4C6afOhDRkj9/R3NYBlq7YXQADnZX8K","2016-12-06 13:05:23.000000",0,"4b391a8847ae15fe5b17b3d91870454c","","","72e65efeac483484133680b4ba12ebd6@example.com",0,1,"2016-12-06 13:05:23.000000",NULL,NULL,NULL,NULL,NULL,"2016-12-06 13:08:21.000000"
338,"bcrypt$2y$13$nOkpUBdQVeLCjuO2LFoX2uAx1ng2LblWfg27PXQPFaDk/dpSLpXb.","2016-12-14 14:59:17.000000",0,"44a0c2dea14840be7819d1d07363102d","","","d1cc9c8766144023a507cb381351e161@example.com",0,1,"2016-12-07 14:36:30.000000",NULL,NULL,NULL,NULL,NULL,"2016-12-07 14:36:30.000000"
339,"bcrypt$2y$13$h15wxuzNKg8PF0hnp3a4len0ZdRr7n1aI7o0yQAWgHUw1YBJzy5Z6","2016-12-19 12:49:31.000000",0,"b80168f1a3dc977ecbe09491fbd6feb0","","","f80e8546d8f510a70e01cf1b1734bbce@example.com",0,1,"2016-12-07 21:33:16.000000",NULL,NULL,NULL,NULL,NULL,"2016-12-07 21:33:16.000000"
340,"bcrypt$2y$13$VlqZ5kj1qj6Dd9WRHxVQkedY20/v1VSjkzlh5vtePus0TED4yEq8q","2016-12-25 13:34:32.000000",0,"2d4a694a5b8794fd6104faf4c740f1de","","","f851c8a7505b62f19a6021880c474bed@example.com",0,1,"2016-12-07 22:09:28.000000",NULL,NULL,NULL,NULL,NULL,"2016-12-07 22:11:39.000000"
341,"bcrypt$2y$13$dE2ILFG./W9F4/XWKWvgWe7ouGc4s3QeUAFBWfB2bdCa0arcg6M/i","2016-12-12 16:29:08.000000",0,"bf21069a88b4a063cd04a7e48c1e9d32","","","5d465cfdfc0f788b0acca596fa2e8184@example.com",0,1,"2016-12-09 09:17:13.000000",NULL,NULL,NULL,NULL,NULL,"2016-12-09 09:17:13.000000"
342,"bcrypt$2y$13$YTgVGX1L63Wp8VpQet.MHezD/C85eWwMZjEqbiYbqs/7WecAgw.3y","2016-12-10 09:38:53.000000",0,"0117774fb67e86d86a9641d9b8f657a7","","","a3582d3182b6d1daf6e118dcf11e57b5@example.com",0,1,"2016-12-10 08:55:50.000000",NULL,NULL,NULL,NULL,NULL,"2016-12-10 08:55:50.000000"
343,"bcrypt$2y$13$NV7nect9/PVsLqONXUm/Ueu18fU0ePFDLI1tWPyZ6A4KnnSGKQs/G","2016-12-10 23:28:28.000000",0,"da9cd3b7ee4dc75d62043281fcc0186e","","","05449b230a80d358c1fc7a3d8b63f551@example.com",0,1,"2016-12-10 23:28:28.000000",NULL,NULL,NULL,NULL,NULL,"2016-12-10 23:28:28.000000"
344,"bcrypt$2y$13$ggRRi3iRNNFFPA0zOA3QiO60qSu/HTPqTdj3.jxq9GNTGpftSwxhK","2016-12-11 14:50:50.000000",0,"4713bb2929bfcf498f4d93ae16af35b5","","","72d5b14fa2b53c6c7b1913b0ad57d558@example.com",0,1,"2016-12-11 12:34:52.000000",NULL,NULL,NULL,NULL,NULL,"2016-12-11 12:34:52.000000"
345,"bcrypt$2y$13$G..n0y8YEAV6tGFeWqimHOvlrmBZEtIZ/ats8PqbYpLXz6YpAm3ai","2016-12-12 12:41:07.000000",0,"804c7749b6979b228ea0b61d044048c9","","","337b2b51543a12be8dea9871c625ccb6@example.com",0,1,"2016-12-11 13:44:31.000000",NULL,NULL,NULL,NULL,NULL,"2016-12-11 13:44:31.000000"
346,"bcrypt$2y$13$M5CkRn.52xkZex8WViIYAeZB3dXtWL.SePWbsfFs4dv5kJFbe0Xyu","2016-12-13 04:31:13.000000",0,"c98c06f9692a6fa49c908f4102609d27","","","1465d96fa04c691f40eaa926da592719@example.com",0,1,"2016-12-13 04:31:13.000000",NULL,NULL,NULL,NULL,NULL,"2016-12-13 04:31:13.000000"
347,"bcrypt$2y$13$RGv8X8wv6Q1mcdg1I9brien1mvs8lPewCdb6qRMHotQLdu/rOk4Kq","2016-12-24 10:33:26.000000",0,"6c0d571389615f1e7a511ecf4413a275","","","f4cca32aa8a82e6bc0dfe3af35617864@example.com",0,1,"2016-12-24 10:20:56.000000",NULL,NULL,NULL,NULL,NULL,"2016-12-24 10:20:56.000000"
348,"bcrypt$2y$13$4o6KaZYPSaQOYpwPwLcTGuCx3ldRwnSG4L8oWw0DAfGCHaATxgV.a","2016-12-25 16:31:36.000000",0,"45b695d86bcbf30dbb536560c162d382","","","f84abccb666d9c1e7494d87e4ba850b9@example.com",0,1,"2016-12-25 16:31:36.000000",NULL,NULL,NULL,NULL,NULL,"2016-12-25 16:31:36.000000"
349,"bcrypt$2y$13$FMUORmwV6XWUAZguH4QKnO2QWVqjhQUqRdmieK84RrKK57f6VCtx2","2016-12-25 20:31:17.000000",0,"94cf1347aa9431fa8f19e6c9786bce69","","","69a58765af6ae519e9bfe8ce804f0e71@example.com",0,1,"2016-12-25 20:31:17.000000",NULL,NULL,NULL,NULL,NULL,"2016-12-25 20:31:17.000000"
